Expt,Subject,Session,TE,Cond,RCL-L6p,INT_list6,TEST_EXP1,TEST_EXP2,TEST_EXP3,TEST_EXP4,TEST_EXP5,TEST_EXP6,L1_ARC,L2_ARC,L3_ARC,L4_ARC,L5_ARC,L6_ARC
1,300,1,NTE,Always-Tested,0.93,0,,,,,,,,,1,1,0.86,1
1,301,2,NTE,Always-Tested,1,0,,,,,,,,,0.3,0.5,0.84,1
1,302,3,NTE,Always-Tested,0.73,0,,,,,,,,,0.05,0.37,1,1
1,303,4,NTE,Always-Tested,0.73,0,,,,,,,,,0.74,0.45,0.84,0.78
1,304,1,NTE,Always-Tested,1,0,,,,,,,,,0.58,0.61,1,0.88
1,305,2,NTE,Always-Tested,0.87,0,,,,,,,,,-0.04,0.34,0.47,1
1,306,3,NTE,Always-Tested,0.73,0,,,,,,,,,1,0,1,-0.1
1,307,4,NTE,Always-Tested,0.87,0,,,,,,,,,0.32,0.3,0.72,0.52
1,310,3,NTE,Always-Tested,0.87,0,,,,,,,,,0.15,0.82,1,1
1,311,4,NTE,Always-Tested,0.4,0,,,,,,,,,0,-0.2,0.13,0
1,312,1,NTE,Always-Tested,1,1,,,,,,,,,0.17,0.82,0.78,0.88
1,313,2,NTE,Always-Tested,0.33,0,,,,,,,,,-0.25,0,-0.25,0.17
1,314,3,NTE,Always-Tested,0.93,0,,,,,,,,,0.84,0.81,1,1
1,315,4,NTE,Always-Tested,0.67,0,,,,,,,,,0.76,1,1,1
1,316,1,NTE,Always-Tested,0.33,0,,,,,,,,,0.31,-0.67,-0.5,-0.67
1,317,2,NTE,Always-Tested,0.33,3,,,,,,,,,-1,0.25,1,-1
1,318,3,NTE,Always-Tested,0.93,0,,,,,,,,,0.63,0.63,0.5,1
1,319,4,NTE,Always-Tested,0.8,0,,,,,,,,,0.45,-0.29,0.35,0.63
1,320,1,NTE,Always-Tested,0.53,0,,,,,,,,,0.61,1,0.46,-0.09
1,321,2,NTE,Always-Tested,0.87,0,,,,,,,,,0.52,0.67,1,0.63
1,323,4,NTE,Always-Tested,0.53,1,,,,,,,,,1,0.67,0.79,0.56
1,326,3,NTE,Always-Tested,0.87,0,,,,,,,,,1,1,0.82,1
1,328,1,NTE,Always-Tested,0.93,0,,,,,,,,,0.52,0.5,0.88,0.86
1,329,2,NTE,Always-Tested,0.2,0,,,,,,,,,-1,1,1,1
1,330,3,NTE,Always-Tested,0.67,0,,,,,,,,,0.52,0.37,0.3,0.32
1,332,1,NTE,Always-Tested,0.53,0,,,,,,,,,1,0.71,0.4,1
1,335,4,NTE,Always-Tested,0.67,0,,,,,,,,,1,0.79,1,1
1,336,1,NTE,Always-Tested,0.8,0,,,,,,,,,1,0.58,0.84,1
1,337,2,NTE,Always-Tested,0.67,0,,,,,,,,,-0.11,1,1,0.47
1,338,3,NTE,Always-Tested,0.93,1,,,,,,,,,0.78,1,1,1
1,339,4,NTE,Always-Tested,0.6,0,,,,,,,,,0.75,0.52,1,1
1,341,2,NTE,Always-Tested,1,0,,,,,,,,,0.5,1,1,1
1,342,1,NTE,Always-Tested,0.67,1,,,,,,,,,0.37,0.77,-0.38,-0.29
1,343,2,NTE,Always-Tested,0.87,0,,,,,,,,,0.05,0.72,0.44,0.52
1,344,3,NTE,Always-Tested,0.73,1,,,,,,,,,0.08,-0.05,0.64,1
1,345,4,NTE,Always-Tested,0.33,0,,,,,,,,,-1,-0.67,-1,1
1,350,1,NTE,Always-Tested,0.8,0,,,,,,,,,1,1,1,1
1,351,2,NTE,Always-Tested,0.4,0,,,,,,,,,-1,0,0.15,0.25
1,352,3,NTE,Always-Tested,0.8,2,,,,,,,,,-0.4,1,0.84,0.79
1,353,4,NTE,Always-Tested,0.87,0,,,,,,,,,0.52,0.68,0.55,0.52
1,101,2,NTE,Early-Tested,0.33,1,,,,,,,,,0,,,1
1,102,3,NTE,Early-Tested,0.73,1,,,,,,,,,0.88,,,1
1,103,4,NTE,Early-Tested,0.2,1,,,,,,,,,0.31,,,1
1,107,4,NTE,Early-Tested,0.87,0,,,,,,,,,0.5,,,1
1,108,1,NTE,Early-Tested,0.33,1,,,,,,,,,0.34,,,-0.67
1,109,2,NTE,Early-Tested,0.8,0,,,,,,,,,0.34,,,0.27
1,110,3,NTE,Early-Tested,0.53,1,,,,,,,,,-0.05,,,0.11
1,111,4,NTE,Early-Tested,0.67,1,,,,,,,,,0.63,,,0
1,113,2,NTE,Early-Tested,0.33,1,,,,,,,,,0.64,,,-1.5
1,115,4,NTE,Early-Tested,0.27,1,,,,,,,,,0.12,,,0
1,116,1,NTE,Early-Tested,0.67,2,,,,,,,,,0.56,,,0.44
1,117,2,NTE,Early-Tested,0.33,4,,,,,,,,,-1,,,1
1,118,3,NTE,Early-Tested,0.47,1,,,,,,,,,0.17,,,-0.4
1,119,4,NTE,Early-Tested,0.6,0,,,,,,,,,0.21,,,0.73
1,120,1,NTE,Early-Tested,0,9,,,,,,,,,1,,,0
1,121,2,NTE,Early-Tested,0.73,0,,,,,,,,,0.27,,,0.58
1,122,3,NTE,Early-Tested,0.47,3,,,,,,,,,-0.4,,,1
1,123,4,NTE,Early-Tested,0.47,3,,,,,,,,,-0.23,,,1
1,124,1,NTE,Early-Tested,0.4,2,,,,,,,,,0.31,,,0.4
1,125,2,NTE,Early-Tested,0.93,0,,,,,,,,,0.3,,,0.3
1,126,3,NTE,Early-Tested,0.2,1,,,,,,,,,-0.16,,,-2
1,128,1,NTE,Early-Tested,0.4,1,,,,,,,,,-0.06,,,0.4
1,129,2,NTE,Early-Tested,0,5,,,,,,,,,0.07,,,0
1,130,3,NTE,Early-Tested,1,1,,,,,,,,,-0.26,,,0.5
1,131,4,NTE,Early-Tested,1,0,,,,,,,,,1,,,1
1,134,3,NTE,Early-Tested,0.07,2,,,,,,,,,1,,,0
1,135,4,NTE,Early-Tested,0.33,1,,,,,,,,,1,,,1
1,136,1,NTE,Early-Tested,0.67,2,,,,,,,,,0.12,,,-0.32
1,137,2,NTE,Early-Tested,0.6,1,,,,,,,,,0.45,,,0.31
1,138,3,NTE,Early-Tested,0.73,1,,,,,,,,,0.58,,,0.34
1,140,1,NTE,Early-Tested,0.93,0,,,,,,,,,0.86,,,1
1,141,2,NTE,Early-Tested,0.53,3,,,,,,,,,0.84,,,1
1,144,1,NTE,Early-Tested,0.4,2,,,,,,,,,0.51,,,1
1,145,2,NTE,Early-Tested,0.73,0,,,,,,,,,0.35,,,0.12
1,146,3,NTE,Early-Tested,0.73,1,,,,,,,,,0.25,,,0.37
1,147,4,NTE,Early-Tested,0.4,0,,,,,,,,,0.45,,,1
1,148,1,NTE,Early-Tested,0.47,2,,,,,,,,,1,,,0.3
1,150,3,NTE,Early-Tested,0.27,2,,,,,,,,,0.33,,,1
1,151,4,NTE,Early-Tested,0.33,1,,,,,,,,,-0.05,,,0.17
1,152,1,NTE,Early-Tested,0.47,0,,,,,,,,,0.86,,,1
1,202,3,NTE,Not-Tested,0.27,2,,,,,,,,,,,,-3
1,203,4,NTE,Not-Tested,0.47,1,,,,,,,,,,,,0.4
1,204,1,NTE,Not-Tested,0.33,1,,,,,,,,,,,,1
1,206,3,NTE,Not-Tested,0.27,2,,,,,,,,,,,,-1
1,207,4,NTE,Not-Tested,0.13,0,,,,,,,,,,,,0
1,209,2,NTE,Not-Tested,0.4,0,,,,,,,,,,,,1
1,210,3,NTE,Not-Tested,0.2,1,,,,,,,,,,,,0
1,212,1,NTE,Not-Tested,0.67,1,,,,,,,,,,,,0.44
1,215,4,NTE,Not-Tested,0.6,1,,,,,,,,,,,,1
1,218,3,NTE,Not-Tested,0.4,1,,,,,,,,,,,,0.25
1,220,1,NTE,Not-Tested,0.6,1,,,,,,,,,,,,-0.38
1,221,2,NTE,Not-Tested,0.2,4,,,,,,,,,,,,0
1,223,4,NTE,Not-Tested,0.73,0,,,,,,,,,,,,0.81
1,224,1,NTE,Not-Tested,0.67,0,,,,,,,,,,,,1
1,225,2,NTE,Not-Tested,0.53,3,,,,,,,,,,,,0.5
1,227,4,NTE,Not-Tested,0.13,5,,,,,,,,,,,,0
1,228,1,NTE,Not-Tested,0.2,0,,,,,,,,,,,,1
1,229,2,NTE,Not-Tested,0,1,,,,,,,,,,,,0
1,232,1,NTE,Not-Tested,0.27,5,,,,,,,,,,,,-1
1,233,2,NTE,Not-Tested,0.13,0,,,,,,,,,,,,0
1,234,3,NTE,Not-Tested,0.13,5,,,,,,,,,,,,0
1,235,4,NTE,Not-Tested,0.33,1,,,,,,,,,,,,-0.25
1,236,1,NTE,Not-Tested,0.67,2,,,,,,,,,,,,0.74
1,237,2,NTE,Not-Tested,0.2,1,,,,,,,,,,,,0
1,238,3,NTE,Not-Tested,0.33,1,,,,,,,,,,,,-0.67
1,239,4,NTE,Not-Tested,0.2,0,,,,,,,,,,,,-2
1,240,1,NTE,Not-Tested,0.4,0,,,,,,,,,,,,0.5
1,241,2,NTE,Not-Tested,1,0,,,,,,,,,,,,1
1,242,3,NTE,Not-Tested,0.07,3,,,,,,,,,,,,0
1,243,4,NTE,Not-Tested,0.8,0,,,,,,,,,,,,0.06
1,245,2,NTE,Not-Tested,0.13,5,,,,,,,,,,,,0
1,246,3,NTE,Not-Tested,0.33,1,,,,,,,,,,,,-0.67
1,247,4,NTE,Not-Tested,0,7,,,,,,,,,,,,0
1,248,1,NTE,Not-Tested,0.47,2,,,,,,,,,,,,-0.08
1,249,2,NTE,Not-Tested,0.2,0,,,,,,,,,,,,0
1,253,2,NTE,Not-Tested,0.33,3,,,,,,,,,,,,-0.67
1,254,3,NTE,Not-Tested,0.27,1,,,,,,,,,,,,-1
1,255,4,NTE,Not-Tested,0.8,0,,,,,,,,,,,,0.06
1,256,1,NTE,Not-Tested,0.27,2,,,,,,,,,,,,1
1,258,3,NTE,Not-Tested,0.13,1,,,,,,,,,,,,0
2,100,1,NTE,Always-Tested,0.8,0,,,,,,,1,0.47,0.17,0.31,1,0.27
2,101,2,NTE,Always-Tested,0.67,0,,,,,,,0.25,0.58,0.63,0.68,0.16,0.17
2,102,3,NTE,Always-Tested,0.47,1,,,,,,,0.17,0.64,0.25,0.65,0,0.13
2,103,4,NTE,Always-Tested,0.53,1,,,,,,,0.31,-0.17,0.44,0.3,0.5,0.56
2,104,5,NTE,Always-Tested,0.2,1,,,,,,,0.65,-0.06,-0.67,-0.05,1,0
2,105,6,NTE,Always-Tested,0.4,0,,,,,,,0.63,-0.5,0.23,0.27,0.5,-0.5
2,106,1,NTE,Always-Tested,0.53,0,,,,,,,0.25,0.17,0,-0.5,0.56,0.5
2,107,2,NTE,Always-Tested,0.87,0,,,,,,,0.22,0.86,0.84,0.84,1,0.84
2,108,3,NTE,Always-Tested,0.8,0,,,,,,,0.22,0.65,-0.04,0.65,0.46,0.82
2,109,4,NTE,Always-Tested,0.67,0,,,,,,,-0.05,0.34,0.44,1,0.3,0.21
2,110,5,NTE,Always-Tested,0.87,0,,,,,,,0.52,0.21,1,-0.11,0.03,0.37
2,111,6,NTE,Always-Tested,0.47,2,,,,,,,0.74,-0.33,0.37,0,0.07,-0.62
2,112,1,NTE,Always-Tested,0,2,,,,,,,1,0.46,0.46,1,0,0
2,114,3,NTE,Always-Tested,0.47,0,,,,,,,-0.4,-0.5,-0.67,0.53,-0.33,-0.5
2,116,5,NTE,Always-Tested,0.87,0,,,,,,,0.52,0.72,1,0.68,0.81,0.68
2,117,6,NTE,Always-Tested,0.87,0,,,,,,,-0.25,-0.25,0.21,0,0.02,-0.27
2,118,1,NTE,Always-Tested,0.33,1,,,,,,,0.05,0.78,0.44,0.58,0.68,-0.67
2,119,2,NTE,Always-Tested,0.87,0,,,,,,,0.33,0.52,0.58,0.52,0.38,0.52
2,120,3,NTE,Always-Tested,0.8,0,,,,,,,0.45,0.56,0.56,0.63,0.3,0.5
2,121,4,NTE,Always-Tested,0.2,0,,,,,,,0.34,-0.14,1,0.3,1,0
2,123,6,NTE,Always-Tested,0.47,0,,,,,,,0,-0.1,0.44,0.45,1,1
2,124,1,NTE,Always-Tested,1,0,,,,,,,0.13,0.44,1,-0.12,0.02,-0.16
2,125,2,NTE,Always-Tested,0.67,0,,,,,,,0.37,0.65,-0.08,0.02,-0.05,0.47
2,127,4,NTE,Always-Tested,0.53,0,,,,,,,-0.09,-0.38,-0.32,1,0.45,1
2,128,5,NTE,Always-Tested,0.53,0,,,,,,,0.17,0.78,0.82,0.44,1,1
2,129,6,NTE,Always-Tested,0.93,0,,,,,,,0.25,0.3,0.44,0.45,0.58,0.02
2,130,1,NTE,Always-Tested,1,0,,,,,,,0.58,0.82,0.68,0.52,0.52,0.63
2,131,2,NTE,Always-Tested,0.47,0,,,,,,,0,0.13,0.13,1,1,-0.08
2,132,3,NTE,Always-Tested,0.67,1,,,,,,,0.64,-0.2,0,1,0,0.74
2,133,4,NTE,Always-Tested,0.73,0,,,,,,,0.31,0.72,0.34,0.56,1,0.77
2,134,5,NTE,Always-Tested,0.47,0,,,,,,,0.63,-0.11,0.16,0.44,1,-0.4
2,135,6,NTE,Always-Tested,0.87,0,,,,,,,0.38,0.16,-0.05,0.05,-0.1,0.37
2,136,1,NTE,Always-Tested,0.53,0,,,,,,,1,-1,0,0.34,0.44,0.5
2,137,2,NTE,Always-Tested,0.33,2,,,,,,,0.13,0,0.46,0,1,1
2,138,3,NTE,Always-Tested,1,0,,,,,,,0.58,0.88,0.63,0.63,0.84,0.75
2,139,4,NTE,Always-Tested,0.53,0,,,,,,,-0.5,-0.04,-0.4,0.04,1,0.53
2,140,5,NTE,Always-Tested,0.4,2,,,,,,,0.15,0.74,-0.11,-0.4,1,1
2,141,6,NTE,Always-Tested,0.33,0,,,,,,,0.37,-0.25,0.3,-0.2,-0.67,1
2,142,1,NTE,Always-Tested,1,0,,,,,,,0.63,0.63,0.3,-0.25,0.38,0
2,143,2,NTE,Always-Tested,0.73,0,,,,,,,0.72,0.78,1,0.82,1,0.34
2,145,4,NTE,Always-Tested,0.33,1,,,,,,,-0.5,-0.5,0,0,0,1
2,300,1,NTE,Early-Tested,0.87,0,,,,,,,0.12,0.84,0.84,,,0.68
2,301,2,NTE,Early-Tested,0.13,0,,,,,,,0.11,1,0.49,,,0
2,303,4,NTE,Early-Tested,0.67,1,,,,,,,0.12,0.84,0.55,,,0.65
2,304,5,NTE,Early-Tested,0.47,0,,,,,,,0.54,0.5,0.75,,,1
2,305,6,NTE,Early-Tested,0.93,1,,,,,,,0.16,0.52,0.02,,,0.58
2,306,1,NTE,Early-Tested,0.8,0,,,,,,,0.17,0.56,1,,,1
2,307,2,NTE,Early-Tested,0.73,0,,,,,,,0.27,0.02,0.05,,,-0.25
2,309,4,NTE,Early-Tested,0.87,0,,,,,,,0.58,0.44,-0.13,,,-1
2,310,5,NTE,Early-Tested,0.47,2,,,,,,,-0.4,0.77,1,,,-0.08
2,311,6,NTE,Early-Tested,0.13,2,,,,,,,-0.04,0.27,1,,,0
2,312,1,NTE,Early-Tested,0.93,0,,,,,,,0.37,0.13,0.75,,,0.72
2,314,3,NTE,Early-Tested,0.6,2,,,,,,,1,1,0.84,,,0.65
2,315,4,NTE,Early-Tested,0.4,1,,,,,,,0.45,1,0.37,,,0.5
2,316,5,NTE,Early-Tested,0.4,0,,,,,,,-0.06,0.56,0.16,,,1
2,317,6,NTE,Early-Tested,0.13,10,,,,,,,0.44,0.37,0.5,,,0
2,318,1,NTE,Early-Tested,0.27,0,,,,,,,0.3,-0.4,0.07,,,0
2,319,2,NTE,Early-Tested,0.87,0,,,,,,,0.5,0.84,0.3,,,0.64
2,320,3,NTE,Early-Tested,0.93,1,,,,,,,1,1,0.68,,,0.86
2,321,4,NTE,Early-Tested,0.67,0,,,,,,,0.72,0.45,0.34,,,1
2,323,6,NTE,Early-Tested,0.87,1,,,,,,,0.3,0.42,0.25,,,1
2,324,1,NTE,Early-Tested,0.33,2,,,,,,,0.37,1,-0.1,,,-0.25
2,325,2,NTE,Early-Tested,0,4,,,,,,,0.56,0.4,0.56,,,0
2,326,3,NTE,Early-Tested,0.53,0,,,,,,,0.56,0.11,0.11,,,1
2,327,4,NTE,Early-Tested,0.4,0,,,,,,,0.37,0.65,-0.08,,,0
2,328,5,NTE,Early-Tested,0.47,1,,,,,,,0.52,-0.12,-0.13,,,-0.4
2,329,6,NTE,Early-Tested,0.27,0,,,,,,,0,1,0,,,-1
2,331,2,NTE,Early-Tested,0.33,0,,,,,,,0.36,0.11,0.45,,,-1
2,332,3,NTE,Early-Tested,0,4,,,,,,,-0.67,0.13,-0.25,,,0
2,333,4,NTE,Early-Tested,0.53,1,,,,,,,0.15,0.17,0.12,,,0.31
2,334,5,NTE,Early-Tested,0,1,,,,,,,-0.4,0.11,0,,,0
2,335,6,NTE,Early-Tested,0,5,,,,,,,0.3,-0.62,0.56,,,0
2,336,1,NTE,Early-Tested,0.4,8,,,,,,,0.05,0.44,0.38,,,-0.5
2,337,2,NTE,Early-Tested,0.27,5,,,,,,,0.37,0.5,0.56,,,-1
2,338,3,NTE,Early-Tested,0.67,0,,,,,,,0.36,0.52,0.37,,,0.21
2,341,2,NTE,Early-Tested,0.4,2,,,,,,,0.46,0.05,0.31,,,0.07
2,342,3,NTE,Early-Tested,0.53,0,,,,,,,0.44,0.78,0.77,,,0
2,344,6,NTE,Early-Tested,0,5,,,,,,,-0.05,-0.06,0.42,,,0
2,346,5,NTE,Early-Tested,0.8,0,,,,,,,0.72,0.74,0.63,,,1
2,347,1,NTE,Early-Tested,0.6,0,,,,,,,0.12,0.63,1,,,0.68
2,349,3,NTE,Early-Tested,0.13,0,,,,,,,0.12,0.63,0.47,,,0
2,350,4,NTE,Early-Tested,0.2,1,,,,,,,0.47,0.61,-0.05,,,-2
2,351,5,NTE,Early-Tested,0.27,1,,,,,,,0.45,0.07,0.82,,,-1
2,200,1,NTE,Not-Tested,0.33,0,,,,,,,,,,,,-0.67
2,203,4,NTE,Not-Tested,0.2,1,,,,,,,,,,,,1
2,204,5,NTE,Not-Tested,0.4,0,,,,,,,,,,,,0.25
2,206,1,NTE,Not-Tested,0.13,3,,,,,,,,,,,,0
2,207,2,NTE,Not-Tested,0.67,0,,,,,,,,,,,,0.32
2,208,3,NTE,Not-Tested,0.8,0,,,,,,,,,,,,1
2,209,4,NTE,Not-Tested,0.67,1,,,,,,,,,,,,0.55
2,210,5,NTE,Not-Tested,0.4,11,,,,,,,,,,,,1
2,211,6,NTE,Not-Tested,0.13,0,,,,,,,,,,,,0
2,212,1,NTE,Not-Tested,0.73,0,,,,,,,,,,,,0.04
2,213,2,NTE,Not-Tested,0.07,0,,,,,,,,,,,,0
2,214,3,NTE,Not-Tested,0.2,2,,,,,,,,,,,,1
2,215,4,NTE,Not-Tested,0,0,,,,,,,,,,,,0
2,216,5,NTE,Not-Tested,0.87,0,,,,,,,,,,,,0.19
2,217,6,NTE,Not-Tested,0.27,4,,,,,,,,,,,,1
2,218,1,NTE,Not-Tested,0.33,2,,,,,,,,,,,,-1
2,222,5,NTE,Not-Tested,0.47,1,,,,,,,,,,,,1
2,223,6,NTE,Not-Tested,0.53,1,,,,,,,,,,,,0.27
2,224,1,NTE,Not-Tested,0.67,0,,,,,,,,,,,,0.55
2,225,2,NTE,Not-Tested,0.47,1,,,,,,,,,,,,0.3
2,226,3,NTE,Not-Tested,0.67,0,,,,,,,,,,,,-0.05
2,227,4,NTE,Not-Tested,0.2,2,,,,,,,,,,,,-2
2,228,5,NTE,Not-Tested,0.13,9,,,,,,,,,,,,0
2,229,6,NTE,Not-Tested,0.93,0,,,,,,,,,,,,0.44
2,230,1,NTE,Not-Tested,0.73,0,,,,,,,,,,,,-0.1
2,231,2,NTE,Not-Tested,0.93,0,,,,,,,,,,,,0.86
2,234,5,NTE,Not-Tested,0.07,3,,,,,,,,,,,,0
2,235,6,NTE,Not-Tested,0.07,1,,,,,,,,,,,,0
2,236,1,NTE,Not-Tested,0.27,1,,,,,,,,,,,,-1
2,237,2,NTE,Not-Tested,0.27,2,,,,,,,,,,,,-1
2,238,2,NTE,Not-Tested,0.33,2,,,,,,,,,,,,-0.67
2,239,3,NTE,Not-Tested,0.53,0,,,,,,,,,,,,0.64
2,240,4,NTE,Not-Tested,0.13,13,,,,,,,,,,,,0
2,241,5,NTE,Not-Tested,0.27,3,,,,,,,,,,,,-1
2,242,6,NTE,Not-Tested,0.33,5,,,,,,,,,,,,-0.67
2,243,2,NTE,Not-Tested,0.53,1,,,,,,,,,,,,0.11
2,245,4,NTE,Not-Tested,0.73,0,,,,,,,,,,,,-0.06
2,246,3,NTE,Not-Tested,0.87,0,,,,,,,,,,,,-0.27
2,249,1,NTE,Not-Tested,0.13,1,,,,,,,,,,,,0
2,251,3,NTE,Not-Tested,0.33,3,,,,,,,,,,,,0.17
2,254,6,NTE,Not-Tested,0.87,1,,,,,,,,,,,,0.37
2,257,3,NTE,Not-Tested,0.07,0,,,,,,,,,,,,0
3,102,2,TE,Always-Tested,0.6,0,74,52,82,90,80,50,-0.11,0.52,0.67,0,0,-0.04
3,103,3,TE,Always-Tested,0.866666667,1,73,78,84,90,100,99,0.54,0.31,0.11,1,0.71,1
3,104,4,TE,Always-Tested,0.8,0,100,100,100,100,100,100,0,0.42,-0.04,1,0.72,1
3,108,2,TE,Always-Tested,0.333333333,0,75,75,90,90,50,50,0.33,-0.67,1,0,0,-0.67
3,110,4,TE,Always-Tested,0.133333333,0,65,25,100,100,100,100,-0.5,0.21,0,1,0.3,0
3,112,6,TE,Always-Tested,0.6,0,50,25,10,50,50,100,-0.05,0.47,1,0.21,0.04,-0.09
3,113,1,TE,Always-Tested,0.533333333,2,70,20,100,100,50,50,0.72,0.68,0.68,0.78,1,1
3,114,2,TE,Always-Tested,0.666666667,1,90,90,100,100,100,100,-0.04,0.44,0.31,0.09,0.21,0.21
3,115,3,TE,Always-Tested,0.533333333,1,40,60,40,60,53,43,0.34,0.68,0,0.79,0.09,1
3,116,4,TE,Always-Tested,0.8,0,75,75,75,75,75,75,-0.05,0.44,0.27,1,1,0.82
3,117,5,TE,Always-Tested,0.533333333,3,50,60,90,100,100,100,1,-0.33,-0.04,-0.33,-0.2,1
3,118,6,TE,Always-Tested,0.866666667,0,75,100,100,100,100,100,0.37,0.51,0.63,0.56,0.21,0.84
3,119,1,TE,Always-Tested,0.666666667,0,50,25,100,100,100,100,0.69,0.67,0.72,1,0.84,0.55
3,120,2,TE,Always-Tested,0.933333333,0,80,80,30,20,10,2,0.3,0.44,1,0.75,0.86,0.58
3,121,3,TE,Always-Tested,0.466666667,1,50,25,25,100,100,100,-0.2,-0.09,0,0.17,-0.08,0.3
3,122,4,TE,Always-Tested,0.666666667,0,100,100,100,100,100,100,0.12,0.47,1,0.81,0.88,0.17
3,124,6,TE,Always-Tested,0.133333333,3,50,75,75,90,90,90,0.46,0,-0.25,-0.25,1,0
3,125,1,TE,Always-Tested,0.8,0,50,50,50,50,50,50,0.45,0.3,0.02,0.38,0.02,0.06
3,126,2,TE,Always-Tested,0.466666667,0,75,75,85,100,100,95,0.12,0,-0.2,1,0.27,-0.08
3,127,3,TE,Always-Tested,0.466666667,0,40,70,90,100,100,100,0.34,0.17,0.65,1,1,0.46
3,129,5,TE,Always-Tested,0.466666667,2,80,100,100,100,100,100,0.25,0.5,0.56,0.38,0.04,0.61
3,131,1,TE,Always-Tested,0.2,1,70,70,90,100,100,100,-0.5,1,0.4,-1,1,0
3,132,2,TE,Always-Tested,0.4,0,60,90,37,30,80,99,0.18,0.64,0.15,1,1,-0.5
3,133,3,TE,Always-Tested,0.333333333,1,45,90,100,100,50,90,0.31,0.65,-0.11,-0.32,0.63,1
3,134,4,TE,Always-Tested,0.466666667,0,80,80,80,90,90,90,0.34,0.63,0.12,0.25,0.71,1
3,135,5,TE,Always-Tested,0.4,1,62,88,100,100,100,95,-0.5,1,-1,-1,0.31,0.25
3,136,6,TE,Always-Tested,1,0,78,60,90,100,100,100,-0.11,-0.5,0.47,1,0.37,0.88
3,137,1,TE,Always-Tested,0.666666667,0,70,80,55,50,30,20,0.27,0.16,0.58,0.03,0.42,-0.38
3,138,2,TE,Always-Tested,0.933333333,0,50,25,50,60,70,50,0.63,0.58,1,0.61,0.13,0.3
3,139,3,TE,Always-Tested,0.8,1,80,90,99,100,100,100,0.78,-0.05,0.17,0.56,0.65,0.45
3,140,4,TE,Always-Tested,0.8,0,50,0,25,0,0,50,0.27,0.44,-0.13,0.34,1,0.44
3,141,5,TE,Always-Tested,1,0,80,80,90,100,100,100,0.02,0.3,0.5,0.37,0.5,0.25
3,142,6,TE,Always-Tested,0.733333333,0,50,50,75,75,90,100,-0.11,-0.25,-0.11,-0.1,0.68,0.34
3,143,1,TE,Always-Tested,0.533333333,1,75,56,87,98,99,100,-0.1,0.25,0.12,1,0.3,0.11
3,145,3,TE,Always-Tested,0.6,1,60,95,100,100,100,100,0.53,-0.5,0.81,0.47,0.37,0.68
3,146,4,TE,Always-Tested,0.466666667,0,50,60,80,90,100,100,0.64,0.04,-0.04,0.27,1,1
3,147,5,TE,Always-Tested,0.733333333,0,67,50,50,30,40,80,0.21,0.72,0.52,0.75,0.72,-0.1
3,148,6,TE,Always-Tested,0.466666667,0,100,100,100,100,100,100,-0.38,0.36,0.78,1,0.81,0.3
3,150,2,TE,Always-Tested,0.266666667,1,90,90,90,100,100,90,0.07,-0.32,-0.08,0.45,0,0
3,151,3,TE,Always-Tested,0.666666667,1,50,45,25,85,90,95,0.73,-0.4,0.47,0.64,-0.67,-0.09
3,153,5,TE,Always-Tested,0.8,3,65,60,30,20,5,85,0.34,-0.11,0.63,0.16,0.72,0.12
3,155,1,TE,Always-Tested,0.866666667,0,75,25,99,99,100,97,0.47,0.58,0.21,0.45,1,0.52
3,156,1,TE,Always-Tested,0.866666667,0,50,50,50,50,50,50,0.52,0.84,0.75,0.84,0.68,0.68
3,158,5,TE,Always-Tested,0.666666667,0,80,80,80,80,80,80,-0.13,0.15,0.06,0.68,1,0.44
3,159,6,TE,Always-Tested,0.8,0,60,50,45,75,80,95,0.58,0.3,0.44,0.52,0.72,0.81
3,358,3,TE,Always-Tested,0.533333333,0,50,100,100,100,100,100,0.58,1,0.55,0.47,0.3,1
3,359,4,TE,Always-Tested,0.333333333,1,65,65,65,5,50,50,0.56,0.17,0.07,1,1,1
3,160,6,TE,Always-Tested,0.933333333,0,80,70,100,86,100,100,0.23,0.16,0.38,0,-0.13,0.02
3,302,2,TE,Early-Tested,0.6,0,75,45,90,99,75,45,0.86,1,0.55,,,1
3,304,4,TE,Early-Tested,0.333333333,1,50,70,90,95,95,50,-0.45,-0.04,-0.05,,,1
3,306,6,TE,Early-Tested,0.266666667,1,60,50,40,60,70,70,0.78,0.64,0.81,,,1
3,307,1,TE,Early-Tested,0.666666667,0,100,50,50,30,90,50,0.82,1,0.81,,,0.77
3,308,2,TE,Early-Tested,0.4,0,80,90,100,100,80,80,0.27,1,0,,,1
3,311,5,TE,Early-Tested,0.8,1,90,85,85,90,95,90,0.02,0.13,0.25,,,0.34
3,314,2,TE,Early-Tested,0.333333333,0,70,80,85,90,70,65,-0.05,0,0.27,,,1
3,316,4,TE,Early-Tested,0.2,0,75,25,20,50,40,20,0.64,0.44,0.5,,,0
3,317,5,TE,Early-Tested,0.266666667,3,50,80,90,100,50,50,0.11,0.61,1,,,0
3,320,2,TE,Early-Tested,0.533333333,0,75,50,95,100,75,50,-0.16,1,0.84,,,-0.5
3,321,3,TE,Early-Tested,0.866666667,1,66,33,50,50,43,66,0.03,-0.26,0.25,,,0.05
3,322,4,TE,Early-Tested,0.066666667,3,42,77,88,100,68,33,0,1,0,,,0
3,323,5,TE,Early-Tested,0.333333333,0,50,50,70,77,50,50,0.15,0.46,0.4,,,0
3,324,6,TE,Early-Tested,0.4,1,45,50,50,50,50,50,-0.04,-0.27,0.35,,,0.25
3,325,1,TE,Early-Tested,0.2,7,100,100,100,100,85,100,1,-1,-0.4,,,0
3,326,2,TE,Early-Tested,0.666666667,1,27,43,5,99,85,89,0.58,0.44,0.12,,,0.09
3,328,4,TE,Early-Tested,0.866666667,0,100,50,0,0,0,100,0.42,0.37,0.47,,,0.68
3,329,5,TE,Early-Tested,1,0,75,75,100,100,100,100,0.45,0.82,0.63,,,0.5
3,330,6,TE,Early-Tested,0,0,80,80,50,80,80,80,-0.13,0.82,1,,,0
3,331,1,TE,Early-Tested,0.666666667,0,20,0,75,60,65,75,0.46,0.78,0.82,,,0.74
3,333,3,TE,Early-Tested,0.133333333,3,70,90,100,40,0,70,1,0.36,-0.08,,,0
3,334,4,TE,Early-Tested,0.866666667,2,75,50,75,50,50,25,-0.26,0.68,0.44,,,0.52
3,335,5,TE,Early-Tested,0.933333333,0,75,75,75,75,75,75,0.68,0.75,0.75,,,0.86
3,336,6,TE,Early-Tested,0.266666667,1,99,100,100,100,98,80,0.78,1,1,,,0
3,338,2,TE,Early-Tested,0.8,0,70,60,70,80,80,80,0.58,0.58,0.72,,,0.44
3,339,3,TE,Early-Tested,0.333333333,1,50,50,50,50,80,80,0.17,-0.5,0.5,,,1
3,340,4,TE,Early-Tested,0.133333333,1,50,75,90,100,75,50,-0.4,0.25,-0.62,,,0
3,341,5,TE,Early-Tested,0.933333333,0,70,30,10,100,20,60,0.51,1,0.58,,,0.72
3,342,6,TE,Early-Tested,0.8,1,100,100,0,100,100,100,0.54,0.36,0.51,,,0.45
3,343,1,TE,Early-Tested,0.6,1,50,30,80,95,70,70,0.34,0.72,0.88,,,1
3,344,2,TE,Early-Tested,0.4,1,80,40,50,80,80,80,-0.32,0.44,-0.5,,,1
3,345,3,TE,Early-Tested,0.533333333,2,58,100,100,100,50,0,0.37,0.58,1,,,1
3,346,4,TE,Early-Tested,0.4,0,60,50,60,80,80,90,-0.05,0.17,0.12,,,1
3,347,5,TE,Early-Tested,0.6,0,25,50,25,0,100,50,0,0.17,-0.1,,,-0.04
3,348,6,TE,Early-Tested,0.133333333,1,70,40,31,60,61,40,-2,0,-0.45,,,0
3,351,2,TE,Early-Tested,0.866666667,0,90,90,65,50,40,40,0.36,0.63,0.72,,,0.84
3,352,3,TE,Early-Tested,0.8,1,75,90,95,98,95,90,0.56,1,0.58,,,0.82
3,353,4,TE,Early-Tested,1,0,55,63,90,100,99,50,0,-0.32,0.37,,,0.63
3,355,6,TE,Early-Tested,0.466666667,3,75,85,90,100,80,70,0.21,0,0.09,,,0.3
3,360,1,TE,Early-Tested,0.866666667,0,90,95,99,99,80,80,0.5,0.63,0.68,,,0.52
3,361,1,TE,Early-Tested,0.2,2,50,25,75,75,50,75,1,0.42,0,,,0
3,362,1,TE,Early-Tested,0.6,0,50,50,75,100,100,100,0.72,0.44,0.34,,,-0.16
3,363,1,TE,Early-Tested,0.4,2,85,75,75,85,80,85,0.45,0.52,0.44,,,0.25
3,364,3,TE,Early-Tested,0.2,3,75,50,25,100,100,100,0.34,0.27,1,,,0
3,365,3,TE,Early-Tested,0.8,2,50,50,50,50,50,50,0.34,0.78,0.58,,,0.82
3,366,3,TE,Early-Tested,0,1,50,50,50,100,100,100,0.25,-0.67,-0.75,,,0
3,367,3,TE,Early-Tested,0.333333333,1,59,65,75,80,70,45,-0.33,0.31,0.72,,,1
3,368,1,TE,Early-Tested,0.2,1,50,60,100,100,100,40,0.65,0.42,-0.39,,,1
3,204,4,TE,Not-Tested,0.266666667,2,50,20,20,60,70,60,,,,,,0
3,205,5,TE,Not-Tested,0.866666667,2,85,80,85,90,80,75,,,,,,0.84
3,206,6,TE,Not-Tested,0.733333333,0,95,90,95,70,70,60,,,,,,0.37
3,208,2,TE,Not-Tested,0.466666667,0,80,95,0,0,0,0,,,,,,-0.08
3,209,3,TE,Not-Tested,0.2,10,50,75,25,25,10,25,,,,,,1
3,211,5,TE,Not-Tested,0.066666667,1,70,80,80,85,90,50,,,,,,0
3,213,1,TE,Not-Tested,0.133333333,0,30,70,80,0,0,0,,,,,,0
3,214,2,TE,Not-Tested,0.4,3,75,75,50,50,15,10,,,,,,1
3,215,3,TE,Not-Tested,0.133333333,1,100,100,100,100,100,100,,,,,,0
3,216,4,TE,Not-Tested,0.266666667,2,75,75,75,75,75,75,,,,,,1
3,219,1,TE,Not-Tested,0.333333333,0,30,100,80,10,100,80,,,,,,1
3,220,2,TE,Not-Tested,0.6,0,50,50,50,50,50,50,,,,,,1
3,221,3,TE,Not-Tested,0.8,0,75,75,75,70,70,70,,,,,,-0.09
3,223,5,TE,Not-Tested,0,8,95,100,100,100,100,75,,,,,,0
3,224,6,TE,Not-Tested,0.733333333,1,50,50,50,50,50,50,,,,,,0.58
3,225,1,TE,Not-Tested,0.266666667,0,50,50,50,50,50,50,,,,,,1
3,228,4,TE,Not-Tested,0,9,70,75,75,75,75,75,,,,,,0
3,230,6,TE,Not-Tested,0.2,1,50,50,50,50,50,50,,,,,,0
3,231,1,TE,Not-Tested,0.333333333,0,65,20,10,5,2,0,,,,,,-0.67
3,232,2,TE,Not-Tested,0.4,3,50,70,80,95,97,50,,,,,,-0.5
3,234,4,TE,Not-Tested,1,0,75,50,30,20,20,10,,,,,,0.13
3,235,5,TE,Not-Tested,0,8,99,50,25,89,40,10,,,,,,0
3,236,6,TE,Not-Tested,0,2,50,50,50,50,50,50,,,,,,0
3,237,1,TE,Not-Tested,0.2,5,30,70,80,80,75,70,,,,,,-2
3,238,2,TE,Not-Tested,0.266666667,3,75,100,0,0,0,0,,,,,,-1
3,239,3,TE,Not-Tested,0,3,100,100,100,100,50,100,,,,,,0
3,240,4,TE,Not-Tested,0.466666667,0,50,50,50,50,30,20,,,,,,1
3,243,1,TE,Not-Tested,0.266666667,0,40,80,70,60,50,70,,,,,,0
3,244,2,TE,Not-Tested,0.2,2,75,50,75,75,75,50,,,,,,0
3,245,3,TE,Not-Tested,0.133333333,5,100,100,50,30,30,10,,,,,,0
3,246,4,TE,Not-Tested,0.4,2,70,85,50,30,25,20,,,,,,0.25
3,248,6,TE,Not-Tested,0.533333333,1,50,90,100,0,50,49,,,,,,-0.33
3,249,1,TE,Not-Tested,0.2,4,50,50,50,50,50,50,,,,,,1
3,250,2,TE,Not-Tested,0.2,8,50,50,60,50,100,0,,,,,,0
3,250,3,TE,Not-Tested,0,0,70,50,50,50,50,50,,,,,,0
3,251,3,TE,Not-Tested,0.266666667,0,50,50,50,50,50,50,,,,,,0
3,252,4,TE,Not-Tested,0.933333333,0,50,50,50,50,50,50,,,,,,0.58
3,252,5,TE,Not-Tested,0.6,3,75,0,50,0,0,0,,,,,,0.04
3,253,5,TE,Not-Tested,0.2,1,50,50,0,0,0,0,,,,,,0
3,254,5,TE,Not-Tested,0.266666667,1,50,75,50,50,25,20,,,,,,1
3,255,5,TE,Not-Tested,0.333333333,1,80,75,75,60,50,30,,,,,,1
3,256,6,TE,Not-Tested,0.266666667,0,50,20,0,50,0,0,,,,,,0
3,258,6,TE,Not-Tested,0.8,1,100,100,100,100,100,100,,,,,,0.63
3,259,6,TE,Not-Tested,0.066666667,5,60,50,70,30,30,30,,,,,,0
3,201,1,TE,Not-Tested,0.2,8,50,20,20,5,60,10,,,,,,1
3,203,3,TE,Not-Tested,0.4,1,50,75,75,75,75,100,,,,,,-0.2
3,261,6,TE,Not-Tested,1,0,75,75,100,50,50,10,,,,,,0.25
4,101,1,TE,Always-Tested,0.47,0,100,100,100,100,100,100,0.36,0.31,0.72,0.25,0.47,1
4,103,3,TE,Always-Tested,0.2,0,60,70,80,100,100,100,-0.4,-0.05,-0.5,1,0.36,0
4,104,4,TE,Always-Tested,0.87,0,65,70,80,90,99,100,0.68,1,1,0.86,0.3,0.19
4,106,6,TE,Always-Tested,0.6,1,60,60,60,60,60,60,0.47,-0.1,-0.4,-0.39,0.17,-0.29
4,110,4,TE,Always-Tested,0.2,1,75,45,40,70,70,90,1,1,0.47,0.6,0,1
4,111,5,TE,Always-Tested,1,0,90,50,50,50,75,75,-0.13,1,0.52,0.86,1,0.88
4,112,6,TE,Always-Tested,0.4,0,75,80,97,99,100,100,1,0.37,0.56,0.13,1,-0.5
4,113,1,TE,Always-Tested,0.53,2,60,30,33,75,90,90,0.72,0.78,0.72,0.56,0.17,1
4,114,2,TE,Always-Tested,0.67,0,60,40,80,95,100,100,0.13,1,-0.5,0.17,1,0.29
4,116,4,TE,Always-Tested,0.27,0,75,80,60,65,90,100,0.65,-0.75,-0.04,0.25,1,1
4,117,4,TE,Always-Tested,0.07,0,50,65,75,95,100,100,-0.31,-0.1,0.18,-1.5,-0.5,0
4,118,6,TE,Always-Tested,0.47,0,50,50,100,100,90,90,0.11,0.12,0.34,0.56,1,-0.17
4,119,1,TE,Always-Tested,0.6,0,70,65,65,65,65,65,-0.05,0.21,1,1,0.63,0.25
4,120,2,TE,Always-Tested,0.13,2,0,100,50,0,0,100,-0.67,0,0.25,0,0,0
4,121,3,TE,Always-Tested,0.67,0,50,50,90,99,85,99,-0.31,1,1,0,1,0.76
4,122,4,TE,Always-Tested,1,0,80,90,0,20,100,100,-0.38,-0.3,0.02,-0.27,0,-0.13
4,123,5,TE,Always-Tested,0.73,0,30,50,50,50,50,50,0.74,1,0.86,1,1,1
4,124,6,TE,Always-Tested,0.53,0,50,100,100,100,100,100,0.63,-0.11,0.52,0.72,-0.4,0.27
4,125,1,TE,Always-Tested,0.47,0,80,90,99,99,100,100,0.64,1,1,-0.5,0.74,1
4,126,2,TE,Always-Tested,0,2,50,90,10,90,90,100,0.25,0.74,0,-1,1,0
4,127,3,TE,Always-Tested,1,1,70,50,60,75,85,99,0.17,0.82,0.88,0.84,0.52,1
4,128,4,TE,Always-Tested,0.53,2,75,80,80,80,85,85,0,1,0.65,0.75,1,1
4,129,5,TE,Always-Tested,0.27,1,70,60,40,50,80,80,-0.32,1,1,-1,1,0
4,131,1,TE,Always-Tested,0.87,0,50,45,65,75,85,95,0.63,0.81,0.72,0.72,0.68,0.68
4,135,5,TE,Always-Tested,0.67,0,50,50,100,100,10,100,-0.04,0.56,0.13,-0.29,0.44,0.45
4,136,6,TE,Always-Tested,0.33,0,87,67,50,100,72,99,0.56,0.25,0.46,1,0.31,0
4,137,1,TE,Always-Tested,0.73,2,75,80,100,100,100,100,0.13,0.75,0.86,0.47,0.5,1
4,138,1,TE,Always-Tested,0.4,0,100,100,80,100,100,100,0.44,-0.5,-0.5,-0.45,-0.75,1
4,139,2,TE,Always-Tested,0.8,0,50,50,50,50,50,50,0.25,0.68,0.42,0.78,0,0.64
4,140,3,TE,Always-Tested,0.93,2,50,30,20,10,0,0,0.09,0.27,0.58,0.72,0.72,0.72
4,141,4,TE,Always-Tested,0.6,2,50,75,100,25,100,75,0.58,0.44,1,0,1,1
4,142,5,TE,Always-Tested,0.93,0,100,100,100,100,100,100,-0.27,0.64,0.06,0.44,0.35,0.16
4,143,6,TE,Always-Tested,0.47,1,25,42,15,0,90,0,0.34,1,0.78,0.47,0.27,-0.4
4,144,5,TE,Always-Tested,0,0,50,50,0,0,0,99,0.17,-0.67,1,1,0,-0.67
4,145,2,TE,Always-Tested,0.33,0,75,75,75,76,77,85,0.33,1,0,1,-0.67,1
4,147,4,TE,Always-Tested,0.67,2,50,40,100,100,100,100,0.31,0.51,0.25,0.5,1,0.74
4,148,5,TE,Always-Tested,0.4,0,100,100,100,100,100,100,0.12,-0.29,0.32,0.34,0,-0.5
4,150,5,TE,Always-Tested,0.87,0,90,95,100,100,100,100,-0.11,0.31,0.68,0.19,0.45,0.68
4,151,2,TE,Always-Tested,0.8,0,50,80,80,60,70,100,-0.05,0.37,-0.1,0.13,0.47,0.27
4,152,3,TE,Always-Tested,0.47,0,75,100,50,100,100,100,-0.08,0.56,0.11,0,0.45,-0.08
4,154,5,TE,Always-Tested,0.87,0,80,80,80,80,80,90,0.27,1,1,0.17,0.42,0.52
4,156,1,TE,Always-Tested,0.87,0,75,80,100,50,70,30,1,0.84,-0.04,1,-0.09,0.09
4,157,4,TE,Always-Tested,0.87,1,50,50,100,100,100,100,0.21,0.05,-0.32,-0.5,0.52,0.19
4,158,3,TE,Always-Tested,0.93,1,50,40,50,50,75,80,0.37,0.88,0.75,1,1,1
4,160,4,TE,Always-Tested,0.27,0,20,35,100,100,100,100,0,-0.09,-0.67,-0.67,1,1
4,161,4,TE,Always-Tested,1,0,60,50,50,100,100,100,0.31,1,-0.05,0.52,0.38,0
4,162,1,TE,Always-Tested,0.93,0,50,50,100,100,100,100,0.88,0.75,0.3,0.75,0.13,0.02
4,166,5,TE,Always-Tested,1,0,60,75,33,82,90,0,-0.38,0.72,0.38,0.5,0.13,0.13
4,168,1,TE,Always-Tested,0.33,0,50,50,100,100,100,100,0.31,1,1,1,1,0.17
4,169,2,TE,Always-Tested,0.6,0,50,10,100,50,50,50,0.74,1,0.58,0.78,1,0.65
4,170,3,TE,Always-Tested,0.6,0,50,50,75,100,100,100,0.56,0.78,0.64,0.3,0.4,0.73
4,172,5,TE,Always-Tested,0.47,0,100,100,100,100,100,100,-0.32,0.37,0.72,0.63,0.84,1
4,173,6,TE,Always-Tested,1,0,100,100,100,100,100,100,0.88,0.72,0.75,0.84,0.44,0.88
4,174,1,TE,Always-Tested,1,0,50,60,90,90,90,90,-0.13,0.16,0.16,0.09,-0.26,0
4,176,3,TE,Always-Tested,0.27,1,75,75,75,75,100,100,0.17,1,0.36,0.4,0,1
4,181,2,TE,Always-Tested,0.67,2,50,50,50,50,80,80,0.84,0.45,0.37,1,1,0.72
4,183,4,TE,Always-Tested,0.33,0,54,70,90,100,100,100,0.44,-0.5,0.04,0.38,1,1
4,184,5,TE,Always-Tested,0.4,2,50,50,60,70,80,50,0.11,0.45,0.42,0.5,1,0.25
4,185,6,TE,Always-Tested,0.6,0,45,45,50,50,50,50,-0.09,0.17,-0.08,1,0.3,1
4,187,2,TE,Always-Tested,0.93,0,100,50,20,50,50,100,-0.09,0.21,0.52,0.13,0,0.3
4,188,3,TE,Always-Tested,0.67,1,75,75,100,100,100,100,-0.09,0.36,0.53,1,1,0.72
4,189,4,TE,Always-Tested,0.6,0,40,60,60,50,50,90,0.27,-0.27,-0.05,0.72,0.81,0.18
4,190,5,TE,Always-Tested,0.53,2,90,100,100,100,100,100,0.13,0.21,0,-0.67,0.17,0.11
4,191,6,TE,Always-Tested,0.6,0,70,75,40,50,50,50,0.06,0.13,0.67,-0.62,0.47,-0.05
4,301,1,TE,Early-Tested,0.07,1,65,25,75,80,80,50,0,0.45,1,,,0
4,302,2,TE,Early-Tested,0.47,0,40,40,60,60,80,75,0.3,0.68,0.04,,,0.22
4,303,3,TE,Early-Tested,0.53,4,90,100,100,100,100,80,-0.05,1,1,,,1
4,304,4,TE,Early-Tested,0.27,0,75,25,50,100,100,100,-0.09,0.47,0,,,0
4,305,5,TE,Early-Tested,0.2,2,50,50,50,50,50,50,-0.16,1,0.21,,,0
4,306,6,TE,Early-Tested,0.33,1,75,75,65,50,45,40,0.44,0.09,0.37,,,0
4,308,2,TE,Early-Tested,0.67,0,75,65,55,50,60,45,0.45,0.47,0.77,,,0.74
4,310,4,TE,Early-Tested,0.47,2,95,95,100,100,100,100,0.09,-0.11,0,,,0.46
4,311,5,TE,Early-Tested,0.53,3,70,50,60,80,80,79,0.74,1,-0.09,,,0.2
4,312,6,TE,Early-Tested,0.67,0,70,80,20,50,50,50,1,0.82,0.44,,,0.74
4,314,2,TE,Early-Tested,0.33,1,60,40,75,80,75,70,0.64,0,-0.67,,,0.17
4,315,3,TE,Early-Tested,0.87,0,80,60,40,40,80,90,0.37,0.77,1,,,0.84
4,318,6,TE,Early-Tested,0.53,1,98,100,100,100,50,50,0.44,0.71,0.47,,,1
4,319,1,TE,Early-Tested,0.2,0,90,100,100,100,99,95,0.56,1,0.31,,,1
4,320,2,TE,Early-Tested,0.33,1,42,75,30,100,100,95,-0.23,1,1,,,1
4,321,3,TE,Early-Tested,0.33,0,50,50,50,50,46,89,0.38,-0.29,-0.05,,,0
4,324,6,TE,Early-Tested,0.8,0,79,40,89,90,70,80,-0.06,-0.04,0.56,,,0.44
4,326,2,TE,Early-Tested,0,1,60,50,50,50,50,50,0.65,1,0.3,,,0
4,327,3,TE,Early-Tested,0.8,1,75,67,80,80,75,70,-0.09,1,0.42,,,1
4,328,4,TE,Early-Tested,0.4,2,50,75,100,100,100,75,0.04,0.31,0.07,,,0.4
4,329,5,TE,Early-Tested,0.33,2,75,75,100,25,50,75,0.07,0.25,0.44,,,1
4,330,6,TE,Early-Tested,0.4,1,75,80,60,30,0,0,0.17,1,0.25,,,0.25
4,331,1,TE,Early-Tested,0.2,5,60,40,80,100,50,30,0,1,0.65,,,0
4,332,2,TE,Early-Tested,0.8,0,50,40,65,70,60,60,0.11,0.45,-0.11,,,0.45
4,333,3,TE,Early-Tested,0.67,1,100,70,20,100,100,100,0.64,0.68,0.78,,,1
4,336,6,TE,Early-Tested,0.4,0,50,50,50,100,50,50,1,0.09,0.45,,,0.25
4,337,1,TE,Early-Tested,0.6,0,50,50,25,10,25,50,0.46,0.74,0,,,0.71
4,339,4,TE,Early-Tested,0.53,0,75,99,99,99,99,50,0.31,0.04,0.71,,,0.56
4,340,3,TE,Early-Tested,0.67,0,100,100,100,100,50,40,0.42,0.21,0.78,,,0.72
4,341,4,TE,Early-Tested,0.67,0,65,40,30,30,75,80,0.36,0.42,0.33,,,1
4,343,1,TE,Early-Tested,0.67,0,80,85,90,95,95,80,0.3,0.72,0.84,,,0.44
4,344,1,TE,Early-Tested,0.2,0,70,50,100,90,60,50,0.76,1,0.31,,,0
4,345,2,TE,Early-Tested,0.13,1,70,70,70,70,70,70,0.78,0.82,0.36,,,0
4,347,4,TE,Early-Tested,0.6,1,75,100,100,100,75,55,0.11,0.04,0.45,,,0.11
4,348,5,TE,Early-Tested,0.53,0,50,50,66,80,50,50,0.31,0.78,1,,,-0.09
4,349,6,TE,Early-Tested,0.33,0,60,80,80,90,50,60,0.11,-0.67,1,,,0.17
4,350,1,TE,Early-Tested,0.53,0,60,60,40,70,60,40,1,0.84,1,,,0.11
4,351,2,TE,Early-Tested,0.8,0,50,50,50,50,50,50,0.74,0.25,0.63,,,0.82
4,352,3,TE,Early-Tested,0.4,0,75,50,100,80,50,25,1,0.77,0.47,,,-0.5
4,354,5,TE,Early-Tested,0.4,4,60,35,35,100,50,35,1,0.63,0.75,,,1
4,355,6,TE,Early-Tested,0.6,0,80,100,100,100,70,60,1,-0.08,0.53,,,0.36
4,356,1,TE,Early-Tested,0.33,1,50,50,50,50,50,50,0.34,0.79,0.81,,,1
4,357,2,TE,Early-Tested,0.67,0,95,98,100,100,98,88,0.11,0.56,0.25,,,0.72
4,361,1,TE,Early-Tested,0.27,2,60,70,80,90,80,70,-0.14,0.27,0.2,,,0
4,362,1,TE,Early-Tested,0.87,0,60,60,30,30,30,30,0.3,0.72,0.86,,,0.84
4,363,2,TE,Early-Tested,0.27,1,50,60,40,0,0,90,0.13,0.55,0.11,,,-1
4,365,5,TE,Early-Tested,0.2,3,80,95,30,100,40,80,-0.29,0.17,0.64,,,1
4,366,5,TE,Early-Tested,0.13,3,80,80,70,60,70,75,0.78,1,1,,,0
4,367,5,TE,Early-Tested,0.33,2,70,50,50,45,60,30,0.04,0.3,0.15,,,-0.67
4,369,2,TE,Early-Tested,0.73,0,80,85,90,95,100,80,0.34,0.21,0.88,,,0.37
4,370,3,TE,Early-Tested,0.6,0,40,60,80,80,80,80,-0.1,0.61,0.56,,,1
4,374,1,TE,Early-Tested,0.6,0,75,60,30,100,75,30,0.17,0.79,1,,,1
4,375,2,TE,Early-Tested,0.47,2,75,80,90,100,90,85,-0.36,0.64,0.64,,,0.3
4,376,3,TE,Early-Tested,0.87,1,65,30,95,95,65,50,0.13,0.52,0.09,,,0.05
4,378,5,TE,Early-Tested,0.53,2,50,60,75,100,75,50,0.12,1,0.04,,,1
4,379,6,TE,Early-Tested,1,0,60,30,20,50,50,40,0.16,0.21,0.16,,,0
4,380,1,TE,Early-Tested,0.87,0,75,88,20,100,99,100,0.34,0.5,0.58,,,0.37
4,381,2,TE,Early-Tested,0.47,0,90,80,90,90,80,80,0.31,0.68,-0.27,,,0.46
4,382,3,TE,Early-Tested,0.67,2,75,85,90,99,75,80,0.86,0.58,0.58,,,1
4,383,4,TE,Early-Tested,0.27,2,50,50,50,50,50,50,0.21,0.72,0,,,1
4,384,5,TE,Early-Tested,0.4,2,9,10,2,43,100,99,0.21,-0.26,0.58,,,0.25
4,386,1,TE,Early-Tested,0.87,0,65,75,78,76,81,90,0.37,0.31,0.81,,,0.52
4,387,2,TE,Early-Tested,0.8,1,80,80,80,80,80,80,-0.11,-0.32,0.3,,,0.06
4,388,3,TE,Early-Tested,0.13,,50,70,75,90,80,50,0.27,0.21,0.74,,,0
4,756,3,TE,Late-Tested,0.8,2,50,50,50,50,50,50,,,0.82,0.86,1,0.81
4,801,1,TE,Late-Tested,0.33,0,90,90,50,50,50,20,,,-1,-0.04,1,0.17
4,803,3,TE,Late-Tested,0.13,1,90,90,90,90,90,90,,,1,-1,-1,0
4,804,4,TE,Late-Tested,0.6,0,75,50,50,65,65,80,,,0.12,-0.08,0.12,-0.04
4,805,5,TE,Late-Tested,0.73,0,86,78,56,65,70,75,,,0.02,0.58,0.65,-0.06
4,807,1,TE,Late-Tested,0.4,1,100,100,0,0,100,100,,,-1,1,-0.67,-0.2
4,808,2,TE,Late-Tested,0.27,2,20,80,20,80,20,10,,,0,1,0,0
4,809,3,TE,Late-Tested,0.67,3,75,50,50,65,70,85,,,-0.04,0.09,0.27,0.47
4,810,4,TE,Late-Tested,0.53,2,67,79,80,43,50,44,,,-1,-0.2,0.65,0.64
4,811,5,TE,Late-Tested,0.73,2,100,100,75,100,80,80,,,1,-0.09,0.5,0.58
4,812,6,TE,Late-Tested,0.6,0,75,60,65,65,65,60,,,0,0.63,0.51,1
4,813,1,TE,Late-Tested,0.13,0,20,70,70,50,45,10,,,0.46,1,0.65,0
4,814,2,TE,Late-Tested,0.73,0,50,50,50,50,100,100,,,0.21,0.37,0.81,0.34
4,815,3,TE,Late-Tested,0.13,1,60,45,70,40,30,55,,,-0.67,0.11,-0.04,0
4,816,4,TE,Late-Tested,0.4,0,100,100,100,100,100,100,,,0,0.3,1,1
4,817,5,TE,Late-Tested,0.6,3,90,90,90,90,90,90,,,1,1,0.07,1
4,818,6,TE,Late-Tested,0.47,0,60,0,30,60,10,20,,,0,-0.67,0.27,0.3
4,819,1,TE,Late-Tested,0.53,0,75,75,75,75,75,75,,,0,0.04,0.3,0.56
4,820,2,TE,Late-Tested,0.47,1,70,70,80,60,50,60,,,0,0.25,0.68,1
4,821,3,TE,Late-Tested,0.73,1,75,60,25,0,22,45,,,0,0.74,-0.5,-0.32
4,822,4,TE,Late-Tested,1,0,80,60,50,50,80,90,,,0.25,1,0.45,0.63
4,823,5,TE,Late-Tested,0.67,0,99,99,50,50,50,50,,,0,0.58,0.06,0.21
4,824,6,TE,Late-Tested,0.73,0,75,80,70,90,80,85,,,0.74,0.34,0.68,1
4,825,1,TE,Late-Tested,0.13,0,50,75,50,50,32,50,,,1,0,0.17,0
4,826,2,TE,Late-Tested,1,0,50,50,50,50,50,50,,,0.19,0.44,0.38,0.5
4,827,3,TE,Late-Tested,0.93,1,65,70,70,80,90,100,,,0.27,0.52,0.52,0.16
4,828,4,TE,Late-Tested,0.67,0,50,50,50,50,50,50,,,0.27,0,0.65,0.74
4,829,5,TE,Late-Tested,0.87,1,50,50,75,50,50,50,,,0.37,-0.25,0.38,0.37
4,830,6,TE,Late-Tested,0.53,0,80,60,100,10,50,50,,,1,0.47,1,0.27
4,831,1,TE,Late-Tested,0.07,0,60,100,60,75,100,100,,,0,1,1,0
4,832,2,TE,Late-Tested,0.47,1,42,64,22,50,68,75,,,0,1,0.3,0.53
4,833,3,TE,Late-Tested,0.47,0,90,80,50,30,60,80,,,0.56,0.63,-0.05,1
4,834,4,TE,Late-Tested,0.47,0,75,100,50,25,25,10,,,-0.09,1,1,0.07
4,835,5,TE,Late-Tested,0.27,1,50,50,50,50,50,50,,,0,0,0.42,0
4,836,6,TE,Late-Tested,0.87,0,75,100,56,66,20,0,,,0.5,0.63,0.47,0.81
4,837,1,TE,Late-Tested,0.8,0,50,50,50,50,50,50,,,-1,0,0.64,0.64
4,838,2,TE,Late-Tested,0.67,1,50,50,50,50,50,50,,,1,-0.11,0.25,0.17
4,839,3,TE,Late-Tested,0.33,1,51,51,97,1,1,97,,,1,0.44,-0.17,1
4,840,4,TE,Late-Tested,0.93,1,70,70,20,35,40,6,,,0.58,0.75,0.72,0.72
4,841,5,TE,Late-Tested,0.8,1,85,75,50,80,80,85,,,1,0.68,-0.1,0.09
4,843,1,TE,Late-Tested,0.33,0,80,50,20,60,50,90,,,0.29,0.04,0.25,1
4,844,2,TE,Late-Tested,0.4,2,50,100,75,85,0,100,,,-2,0,0.78,1
4,846,4,TE,Late-Tested,0.07,4,75,75,50,50,75,80,,,0,0.46,0,0
4,847,5,TE,Late-Tested,0.87,1,60,50,0,100,100,0,,,1,-0.5,0.52,1
4,848,6,TE,Late-Tested,0.6,1,33,88,0,50,33,99,,,0.68,0.72,1,1
4,849,1,TE,Late-Tested,0.47,0,75,75,75,80,100,75,,,1,0.56,1,0.46
4,850,2,TE,Late-Tested,0.2,0,50,50,50,25,50,50,,,0,1,1,1
4,851,3,TE,Late-Tested,0.27,5,80,80,80,50,50,80,,,-2,0.46,1,1
4,852,4,TE,Late-Tested,1,0,70,70,50,60,70,80,,,-0.5,-0.12,-0.27,-0.13
4,853,5,TE,Late-Tested,0.33,0,60,50,60,70,90,100,,,0,0.17,-0.75,-1.5
4,854,6,TE,Late-Tested,0.53,0,80,75,40,50,80,90,,,0.68,0.46,0.56,0.56
4,855,1,TE,Late-Tested,0.8,0,65,55,25,89,30,99,,,0.52,-0.09,0.16,0.44
4,856,2,TE,Late-Tested,0.4,0,98,90,80,30,80,80,,,0,-1,0,1
4,857,3,TE,Late-Tested,0.8,1,50,50,50,50,50,50,,,0.19,0.44,0.16,0.45
4,858,4,TE,Late-Tested,0.6,0,50,50,0,50,60,70,,,-0.08,0.44,0.16,0.31
4,859,5,TE,Late-Tested,0.67,1,60,60,70,70,80,80,,,0,-0.09,0.67,1
4,860,6,TE,Late-Tested,0.13,2,90,50,50,50,50,50,,,1,1,0.25,0
4,861,1,TE,Late-Tested,0.67,0,50,99,45,20,60,60,,,0.65,1,0.61,0.72
4,862,2,TE,Late-Tested,0.93,1,90,90,50,70,70,50,,,0.44,1,0.5,0.44
4,863,3,TE,Late-Tested,0.07,2,80,90,80,50,50,40,,,0,0.17,0,0
4,864,4,TE,Late-Tested,0.73,0,75,75,50,50,60,75,,,-0.32,0.27,0.51,-0.1
4,866,6,TE,Late-Tested,0.47,0,80,50,20,80,80,80,,,0.27,-0.33,1,-0.08
4,868,2,TE,Late-Tested,0.8,0,80,90,50,30,30,70,,,1,0.64,1,-0.27
4,869,3,TE,Late-Tested,0.2,1,9,50,100,100,100,100,,,1,1,1,0
4,870,4,TE,Late-Tested,0.53,1,33,66,89,3,100,4,,,0.3,0.04,1,1
4,871,5,TE,Late-Tested,0.2,0,65,34,77,30,20,50,,,1,0.53,1,0
4,873,1,TE,Late-Tested,0.53,0,50,50,50,100,50,50,,,1,0.31,-0.05,0.64
4,874,2,TE,Late-Tested,0.87,0,50,75,85,45,75,50,,,0.44,0.09,0.68,0.21
4,875,3,TE,Late-Tested,0.4,0,100,100,0,0,70,100,,,0.31,1,1,1
4,877,1,TE,Late-Tested,0.33,1,50,55,65,70,50,50,,,-0.09,0.72,0.36,1
4,201,1,TE,Not-Tested,0.13,2,50,50,0,60,0,0,,,,,,0
4,202,2,TE,Not-Tested,0.13,4,85,92,24,12,3,0,,,,,,0
4,203,3,TE,Not-Tested,0.6,0,50,50,60,0,0,0,,,,,,0.31
4,205,5,TE,Not-Tested,0.13,2,50,100,50,50,50,0,,,,,,0
4,208,2,TE,Not-Tested,1,0,50,50,50,25,20,10,,,,,,0.88
4,209,3,TE,Not-Tested,0.33,3,89,78,65,45,45,40,,,,,,1
4,210,4,TE,Not-Tested,0.73,0,40,40,65,80,35,30,,,,,,0.56
4,214,2,TE,Not-Tested,0.33,0,75,80,45,40,30,25,,,,,,1
4,215,3,TE,Not-Tested,0.07,2,50,50,50,50,50,50,,,,,,0
4,216,4,TE,Not-Tested,0.27,2,100,50,50,50,100,50,,,,,,1
4,217,5,TE,Not-Tested,0.67,0,54,60,65,70,64,60,,,,,,0.74
4,218,6,TE,Not-Tested,0.2,2,50,100,1,1,50,1,,,,,,0
4,219,1,TE,Not-Tested,0.27,2,44,72,77,22,11,24,,,,,,1
4,220,2,TE,Not-Tested,0.33,0,60,60,50,55,55,50,,,,,,-0.67
4,221,3,TE,Not-Tested,0.2,3,50,50,25,0,0,0,,,,,,0
4,224,6,TE,Not-Tested,0.93,2,65,40,75,80,70,70,,,,,,0.16
4,225,1,TE,Not-Tested,0,7,50,50,50,50,50,50,,,,,,0
4,226,2,TE,Not-Tested,0.33,0,70,60,20,10,10,5,,,,,,0.17
4,228,4,TE,Not-Tested,0,3,80,50,50,10,60,60,,,,,,0
4,229,5,TE,Not-Tested,0.4,0,50,50,50,50,50,50,,,,,,-0.5
4,230,6,TE,Not-Tested,0.53,3,75,80,50,50,45,65,,,,,,-0.09
4,231,1,TE,Not-Tested,1,1,50,50,50,50,50,50,,,,,,-0.13
4,232,2,TE,Not-Tested,0.13,7,55,40,25,15,10,8,,,,,,0
4,233,3,TE,Not-Tested,0.2,0,50,25,60,10,90,20,,,,,,0
4,235,5,TE,Not-Tested,0.13,1,76,84,60,50,24,12,,,,,,0
4,236,6,TE,Not-Tested,0.47,3,75,75,60,50,50,50,,,,,,0.53
4,237,1,TE,Not-Tested,0.27,0,25,50,100,0,0,0,,,,,,0
4,239,4,TE,Not-Tested,0,6,64,75,65,70,50,51,,,,,,0
4,240,3,TE,Not-Tested,0.73,1,80,90,40,60,50,30,,,,,,0.31
4,245,2,TE,Not-Tested,0.07,2,95,47,30,12,3,2,,,,,,0
4,246,3,TE,Not-Tested,0.2,3,95,90,90,75,75,50,,,,,,0
4,248,5,TE,Not-Tested,0.13,0,70,75,20,10,0,0,,,,,,1
4,249,6,TE,Not-Tested,0.07,4,80,60,30,30,20,40,,,,,,0
4,251,2,TE,Not-Tested,0.53,2,55,65,75,85,95,96,,,,,,0.64
4,252,3,TE,Not-Tested,0.6,1,80,80,60,20,0,0,,,,,,-0.29
4,253,4,TE,Not-Tested,0.33,0,50,60,60,30,40,10,,,,,,-0.25
4,254,5,TE,Not-Tested,0.2,1,80,80,70,60,0,0,,,,,,0
4,255,6,TE,Not-Tested,0.33,0,60,70,40,87,68,89,,,,,,0
4,256,1,TE,Not-Tested,0.2,7,75,100,100,25,0,40,,,,,,1
4,258,3,TE,Not-Tested,0.47,3,50,80,90,95,100,100,,,,,,1
4,259,4,TE,Not-Tested,0.33,1,80,60,90,20,10,0,,,,,,0.17
4,261,6,TE,Not-Tested,0.87,1,80,100,100,0,0,0,,,,,,0.84
4,262,1,TE,Not-Tested,0.13,2,75,70,72,72,70,70,,,,,,1
4,264,6,TE,Not-Tested,0.07,4,30,0,100,100,100,50,,,,,,0
4,265,1,TE,Not-Tested,0.4,1,70,80,80,60,55,50,,,,,,0.25
4,266,6,TE,Not-Tested,0.53,1,90,90,70,70,20,20,,,,,,0
4,267,6,TE,Not-Tested,0.2,0,100,85,10,0,0,0,,,,,,0
4,270,3,TE,Not-Tested,0.07,1,80,50,50,50,25,0,,,,,,0
4,271,4,TE,Not-Tested,0.53,0,50,60,70,70,70,70,,,,,,1
4,272,5,TE,Not-Tested,0.4,0,70,60,60,50,50,50,,,,,,-0.5
4,276,4,TE,Not-Tested,0.87,1,100,75,50,0,50,50,,,,,,0.52
4,277,5,TE,Not-Tested,0.67,0,75,85,60,45,30,25,,,,,,0.5
4,280,2,TE,Not-Tested,0.07,1,78,65,100,100,100,100,,,,,,0
4,282,4,TE,Not-Tested,0.87,0,81,44,60,31,50,55,,,,,,0.68
4,283,5,TE,Not-Tested,0.4,1,50,50,50,50,50,50,,,,,,0
4,284,6,TE,Not-Tested,0.53,0,20,45,20,20,30,15,,,,,,0.33
4,285,1,TE,Not-Tested,0.13,0,75,95,0,0,0,0,,,,,,0
4,287,3,TE,Not-Tested,0.33,3,75,75,25,0,0,0,,,,,,1
4,288,4,TE,Not-Tested,0.33,1,55,55,55,55,55,55,,,,,,1
4,289,5,TE,Not-Tested,0.27,0,50,80,75,75,75,75,,,,,,-1
4,290,6,TE,Not-Tested,0.2,3,50,75,85,42,50,2,,,,,,0
4,291,1,TE,Not-Tested,0.6,0,70,60,80,25,30,0,,,,,,0.31
4,292,2,TE,Not-Tested,0,5,50,0,0,0,0,0,,,,,,0
4,293,3,TE,Not-Tested,0.07,1,100,100,100,100,100,100,,,,,,0
4,294,4,TE,Not-Tested,0.2,1,75,60,25,0,0,0,,,,,,1
4,401,1,NTE,Always-Tested,0.87,0,,,,,,,0.45,1,0.82,0.44,0.64,0.84
4,403,3,NTE,Always-Tested,0.87,1,,,,,,,0.81,0.86,0.75,0.58,0.35,0.68
4,404,4,NTE,Always-Tested,0.73,0,,,,,,,0.51,0.82,-0.04,0.78,0.65,0.37
4,405,5,NTE,Always-Tested,0.07,1,,,,,,,0.07,1,0.63,0.31,0.68,0
4,406,6,NTE,Always-Tested,0.4,1,,,,,,,0.21,0.15,0.6,0,1,-0.5
4,407,1,NTE,Always-Tested,0.87,0,,,,,,,0.5,1,0.44,0.58,0.21,0.37
4,408,2,NTE,Always-Tested,0.47,0,,,,,,,-0.1,1,0.82,0.38,0.36,0.07
4,409,3,NTE,Always-Tested,0.93,0,,,,,,,0.64,0.75,1,1,0.75,1
4,410,4,NTE,Always-Tested,0.73,0,,,,,,,0,0.47,0.73,0.21,0.72,0.56
4,411,5,NTE,Always-Tested,0.47,1,,,,,,,-0.5,0.21,1,0.56,1,1
4,412,6,NTE,Always-Tested,0.4,0,,,,,,,0.44,0.17,0.4,-0.67,0,-0.8
4,413,1,NTE,Always-Tested,0.6,1,,,,,,,0.22,0.08,0.47,0.21,0,0.73
4,414,2,NTE,Always-Tested,0.4,0,,,,,,,0,-0.67,-0.38,-0.04,-0.25,0.25
4,415,3,NTE,Always-Tested,0.93,0,,,,,,,0.04,0.31,1,0.47,0.64,0.3
4,416,4,NTE,Always-Tested,0.33,1,,,,,,,-0.08,1,-0.08,-1,0,-0.67
4,417,5,NTE,Always-Tested,0.73,0,,,,,,,-0.05,0.25,0.44,0.68,0.81,0.78
4,418,6,NTE,Always-Tested,0.4,0,,,,,,,0.27,-0.33,1,-0.43,0.4,-0.5
4,419,1,NTE,Always-Tested,1,0,,,,,,,0.25,0.44,0.56,0.75,0.72,0.63
4,420,2,NTE,Always-Tested,0.4,0,,,,,,,0.33,0.29,0,1,1,1
4,421,3,NTE,Always-Tested,0.73,0,,,,,,,-0.09,0.11,0.5,0.46,0.56,1
4,422,4,NTE,Always-Tested,0.6,0,,,,,,,0.58,0.45,0.37,0.33,0.5,0.65
4,423,5,NTE,Always-Tested,0.2,0,,,,,,,-0.08,1,0.64,0,1,0
4,424,6,NTE,Always-Tested,0.8,0,,,,,,,0,-0.5,-0.31,0.78,0.86,0.81
4,425,1,NTE,Always-Tested,0.53,0,,,,,,,0.52,0.68,0.78,0.79,0.21,0.67
4,426,2,NTE,Always-Tested,0.6,0,,,,,,,0.56,0.27,0.72,1,0.65,0.73
4,427,3,NTE,Always-Tested,0.47,0,,,,,,,0.25,0.25,1,-0.67,1,-0.4
4,428,4,NTE,Always-Tested,0.47,0,,,,,,,0.3,0.78,0,0,0.47,1
4,429,4,NTE,Always-Tested,0.47,0,,,,,,,-0.06,-0.67,0,1,0.29,0.46
4,430,6,NTE,Always-Tested,0.73,0,,,,,,,0.45,0.31,0.45,0.56,0.58,1
4,431,1,NTE,Always-Tested,0.8,1,,,,,,,-0.1,0.13,0.88,0.82,1,0.63
4,433,3,NTE,Always-Tested,0.93,1,,,,,,,0.56,0.75,0.63,0.86,0.51,1
4,434,4,NTE,Always-Tested,0.2,1,,,,,,,0,0,0,1,0.29,0
4,435,5,NTE,Always-Tested,1,0,,,,,,,0.64,-0.13,-0.13,0.13,0,0.25
4,436,6,NTE,Always-Tested,0.33,2,,,,,,,0.82,0.31,0.23,-0.67,-1,0
4,438,1,NTE,Always-Tested,0.67,0,,,,,,,0.65,0.63,0.58,0.3,1,0.74
4,439,2,NTE,Always-Tested,1,0,,,,,,,1,0.75,0.86,1,1,0.75
4,440,3,NTE,Always-Tested,0.2,1,,,,,,,0.37,-0.05,0.34,0,0.21,-2
4,441,4,NTE,Always-Tested,1,0,,,,,,,0.27,0.58,0.75,0.3,0.88,0.63
4,442,5,NTE,Always-Tested,0.53,0,,,,,,,-0.04,0,0.27,0,0.44,0
4,443,1,NTE,Always-Tested,0.47,0,,,,,,,0.2,0.31,0.17,0.04,0.3,0.3
4,447,4,NTE,Always-Tested,0.4,2,,,,,,,-0.06,0.52,-0.67,0.65,1,1
4,448,5,NTE,Always-Tested,0.4,0,,,,,,,-0.1,-0.32,0.25,0.53,0.4,1
4,449,6,NTE,Always-Tested,0.8,0,,,,,,,0.78,0.51,0.72,0.18,0.56,0.45
4,450,1,NTE,Always-Tested,0.6,0,,,,,,,0.5,0.75,1,0.52,0.79,0.71
4,451,2,NTE,Always-Tested,0.27,1,,,,,,,0,0.3,-0.67,1,1,1
4,452,3,NTE,Always-Tested,0.4,1,,,,,,,-0.67,-0.5,0.61,0.5,1,1
4,453,4,NTE,Always-Tested,0.73,0,,,,,,,0.4,0,1,-0.67,-0.67,0.34
4,455,6,NTE,Always-Tested,0.67,0,,,,,,,0.46,-0.67,0.07,0.21,0.78,0.21
4,457,2,NTE,Always-Tested,0.73,0,,,,,,,-0.67,0.65,-0.32,0.12,-0.39,0.45
4,458,3,NTE,Always-Tested,0.33,2,,,,,,,0.37,-0.5,1,0.25,0,0.17
4,460,5,NTE,Always-Tested,0.27,0,,,,,,,-0.1,1,0.11,0.12,0,1
4,461,6,NTE,Always-Tested,0.8,0,,,,,,,0.31,0.17,0.25,0.56,0.27,1
4,462,1,NTE,Always-Tested,0.6,1,,,,,,,0.5,0.09,0.25,0.84,0.81,1
4,463,2,NTE,Always-Tested,0.4,5,,,,,,,0.46,0.25,-0.32,0.12,1,-0.5
4,464,3,NTE,Always-Tested,1,1,,,,,,,0.44,0.68,1,0.58,0.52,0.75
4,465,4,NTE,Always-Tested,0.47,0,,,,,,,-0.5,-0.09,1,-0.4,0,0.46
4,466,3,NTE,Always-Tested,0.73,1,,,,,,,0.34,0.42,1,0.65,1,1
4,466,5,NTE,Always-Tested,0.8,0,,,,,,,0.09,0.74,0.72,0.88,1,0.45
4,468,1,NTE,Always-Tested,0.27,0,,,,,,,0.4,0.56,0,0,0,1
4,469,2,NTE,Always-Tested,0.13,0,,,,,,,0.71,0.74,0.78,1,0,0
4,470,3,NTE,Always-Tested,1,1,,,,,,,1,0.63,0.37,-0.05,0.44,0.88
4,472,5,NTE,Always-Tested,0.53,0,,,,,,,0.23,0.79,0.78,0.58,1,0.3
4,473,6,NTE,Always-Tested,0.93,1,,,,,,,0.88,0.72,0.5,0.52,0.44,0.44
4,474,1,NTE,Always-Tested,0.8,0,,,,,,,0.25,0.56,0.82,0.37,0.56,1
4,475,2,NTE,Always-Tested,0.93,0,,,,,,,0.72,0.68,0.44,0.5,0.72,0.72
4,476,3,NTE,Always-Tested,0.93,1,,,,,,,0.21,0.71,0.56,1,-0.11,-0.26
4,478,5,NTE,Always-Tested,1,0,,,,,,,0.52,0.5,0.3,0.05,-0.26,0
4,479,6,NTE,Always-Tested,0.4,0,,,,,,,0.45,0.45,1,-0.05,0.31,1
4,480,1,NTE,Always-Tested,0.73,0,,,,,,,0.18,0.5,0.79,0.68,0.56,0.56
4,605,5,NTE,Early-Tested,0.47,2,,,,,,,-0.16,0.32,0.53,,,0.56
4,606,6,NTE,Early-Tested,0.73,1,,,,,,,0.06,0.12,0.78,,,-0.32
4,607,1,NTE,Early-Tested,0.07,6,,,,,,,0.09,0.47,1,,,0
4,608,2,NTE,Early-Tested,0.27,1,,,,,,,-0.4,0.3,0.18,,,-1
4,609,3,NTE,Early-Tested,0.13,3,,,,,,,0.21,0.67,0.3,,,0
4,610,4,NTE,Early-Tested,0,2,,,,,,,0,1,0.46,,,0
4,611,5,NTE,Early-Tested,0.33,1,,,,,,,0.17,0.58,0.81,,,1
4,612,6,NTE,Early-Tested,0,0,,,,,,,0.63,0,0,,,0
4,613,1,NTE,Early-Tested,0.73,0,,,,,,,0.79,0.23,0.34,,,0.08
4,614,2,NTE,Early-Tested,0.6,0,,,,,,,-0.4,1,0.04,,,0.13
4,615,3,NTE,Early-Tested,0.67,1,,,,,,,0.37,0.45,0.3,,,0.44
4,616,4,NTE,Early-Tested,0.27,1,,,,,,,0.05,0.68,0.05,,,-1
4,617,5,NTE,Early-Tested,0.47,4,,,,,,,-0.1,0.46,-0.33,,,0.3
4,618,6,NTE,Early-Tested,0.13,1,,,,,,,-0.67,-0.5,1,,,0
4,620,2,NTE,Early-Tested,1,1,,,,,,,0.56,0.82,0.88,,,0.75
4,621,3,NTE,Early-Tested,0.47,2,,,,,,,0.27,0.81,0.09,,,0.22
4,622,4,NTE,Early-Tested,0.2,0,,,,,,,0.13,-1,0.07,,,0
4,623,5,NTE,Early-Tested,0.33,1,,,,,,,0.3,0.42,0.34,,,-0.67
4,624,6,NTE,Early-Tested,0.47,0,,,,,,,0.56,0.69,0.27,,,-0.08
4,625,1,NTE,Early-Tested,0.53,0,,,,,,,0.32,0.11,0.65,,,-0.09
4,626,2,NTE,Early-Tested,0.13,2,,,,,,,-0.38,1,1,,,0
4,627,3,NTE,Early-Tested,0.2,3,,,,,,,0,0.07,0.44,,,0
4,628,4,NTE,Early-Tested,0,4,,,,,,,0.11,-0.45,1,,,0
4,629,5,NTE,Early-Tested,0.73,2,,,,,,,0,0.44,0.72,,,0.15
4,630,6,NTE,Early-Tested,0.93,0,,,,,,,0.27,0.84,1,,,0.58
4,631,1,NTE,Early-Tested,0.2,0,,,,,,,-0.19,0.09,0.46,,,-2
4,632,2,NTE,Early-Tested,0.2,1,,,,,,,0,0.23,1,,,-2
4,633,3,NTE,Early-Tested,1,1,,,,,,,0.09,0.81,1,,,0.75
4,634,4,NTE,Early-Tested,0.47,0,,,,,,,0.42,0.63,0.04,,,0.13
4,635,5,NTE,Early-Tested,0.87,0,,,,,,,0.11,0.36,1,,,0.68
4,636,6,NTE,Early-Tested,0.87,1,,,,,,,-0.04,0.25,0.11,,,0.52
4,637,1,NTE,Early-Tested,0.2,0,,,,,,,0.25,0.71,0.17,,,1
4,638,1,NTE,Early-Tested,0.53,1,,,,,,,0.68,0.45,0.44,,,0.56
4,639,2,NTE,Early-Tested,0.27,3,,,,,,,0.31,-0.1,0.21,,,0
4,640,3,NTE,Early-Tested,0.27,1,,,,,,,-0.62,1,0,,,0
4,641,4,NTE,Early-Tested,1,0,,,,,,,0.27,1,0.52,,,0.72
4,642,5,NTE,Early-Tested,0.07,7,,,,,,,0.31,0.46,0.65,,,0
4,643,6,NTE,Early-Tested,0.6,1,,,,,,,0.5,0.63,1,,,1
4,644,1,NTE,Early-Tested,0.67,0,,,,,,,0.52,0.72,0.72,,,1
4,645,2,NTE,Early-Tested,0.73,0,,,,,,,0.02,0,-0.25,,,-0.32
4,646,3,NTE,Early-Tested,0.27,0,,,,,,,-0.38,1,0,,,1
4,647,4,NTE,Early-Tested,0.6,3,,,,,,,0.65,0.25,-0.29,,,1
4,648,5,NTE,Early-Tested,0.53,1,,,,,,,0.36,1,0.65,,,-0.4
4,649,6,NTE,Early-Tested,0.07,0,,,,,,,-0.33,0.64,0,,,0
4,650,1,NTE,Early-Tested,0.07,6,,,,,,,0.07,0.27,-0.17,,,0
4,651,2,NTE,Early-Tested,0.33,1,,,,,,,0,-0.32,0.12,,,1
4,652,3,NTE,Early-Tested,0.07,4,,,,,,,-0.5,0.17,1,,,0
4,653,4,NTE,Early-Tested,0.6,2,,,,,,,0.73,0.45,0.68,,,1
4,655,6,NTE,Early-Tested,0.53,0,,,,,,,0.64,0.11,0.74,,,0.69
4,656,1,NTE,Early-Tested,0.67,1,,,,,,,0.42,1,0.68,,,0.74
4,660,5,NTE,Early-Tested,0.27,0,,,,,,,0.07,1,1,,,1
4,661,6,NTE,Early-Tested,0.47,5,,,,,,,-0.5,0.15,0.72,,,0.53
4,664,3,NTE,Early-Tested,0.27,0,,,,,,,1,1,0.21,,,0
4,666,5,NTE,Early-Tested,0.73,0,,,,,,,0.34,-0.04,0.82,,,0.78
4,667,6,NTE,Early-Tested,0.27,2,,,,,,,0.27,0.3,1,,,0
4,668,1,NTE,Early-Tested,0.67,0,,,,,,,0.31,0.25,0.3,,,0
4,669,2,NTE,Early-Tested,0.2,0,,,,,,,0.56,0.21,-0.32,,,0
4,670,3,NTE,Early-Tested,0.2,0,,,,,,,-0.05,0.04,0.36,,,1
4,671,4,NTE,Early-Tested,0.8,1,,,,,,,0.84,0.88,0.84,,,0.25
4,673,6,NTE,Early-Tested,0.4,0,,,,,,,0.84,1,0.53,,,0.25
4,674,1,NTE,Early-Tested,0.13,2,,,,,,,0.58,1,1,,,1
4,675,2,NTE,Early-Tested,0.07,5,,,,,,,-0.17,0.64,-0.08,,,0
4,676,3,NTE,Early-Tested,0.8,1,,,,,,,0.21,0.72,1,,,1
4,677,4,NTE,Early-Tested,0.67,1,,,,,,,1,0.25,-0.09,,,0.47
4,700,1,NTE,Late-Tested,0.8,0,,,,,,,,,0.4,0.47,0.56,0.44
4,701,2,NTE,Late-Tested,1,0,,,,,,,,,0.63,0.34,0.27,0.25
4,702,3,NTE,Late-Tested,0.87,1,,,,,,,,,1,0.56,0.56,1
4,703,4,NTE,Late-Tested,0.8,0,,,,,,,,,0.63,0.52,0.63,0.63
4,704,5,NTE,Late-Tested,0.87,0,,,,,,,,,0.75,0.38,1,0.52
4,705,6,NTE,Late-Tested,0.53,0,,,,,,,,,0.3,0.5,1,-0.2
4,706,1,NTE,Late-Tested,0.6,0,,,,,,,,,0.42,0.47,1,1
4,707,2,NTE,Late-Tested,0.4,1,,,,,,,,,-1,1,-0.5,1
4,708,3,NTE,Late-Tested,0.47,1,,,,,,,,,1,0,0,0.07
4,709,4,NTE,Late-Tested,0.4,2,,,,,,,,,-0.67,1,1,1
4,710,5,NTE,Late-Tested,0.53,1,,,,,,,,,0.81,-0.4,1,0.11
4,711,6,NTE,Late-Tested,0.53,0,,,,,,,,,0,1,1,-0.33
4,712,1,NTE,Late-Tested,0.53,0,,,,,,,,,0.25,0,0.04,1
4,713,2,NTE,Late-Tested,0.8,0,,,,,,,,,0.04,-0.06,1,0.81
4,715,4,NTE,Late-Tested,0.47,0,,,,,,,,,0.3,0.07,0.37,-0.17
4,716,5,NTE,Late-Tested,0.13,0,,,,,,,,,0.46,0.56,0.07,0
4,717,6,NTE,Late-Tested,0.8,0,,,,,,,,,-0.08,0.5,0.77,0.44
4,718,1,NTE,Late-Tested,0.8,2,,,,,,,,,0.53,1,0.11,0.09
4,719,2,NTE,Late-Tested,0.87,0,,,,,,,,,0.27,0.47,0.16,0.21
4,720,3,NTE,Late-Tested,0.73,1,,,,,,,,,-1,0.12,-0.5,0.37
4,721,4,NTE,Late-Tested,0.27,0,,,,,,,,,0,1,1,1
4,722,5,NTE,Late-Tested,0.87,0,,,,,,,,,-2,-0.08,0.46,0.21
4,723,6,NTE,Late-Tested,0.6,1,,,,,,,,,1,0,0.5,-0.04
4,724,1,NTE,Late-Tested,0.93,0,,,,,,,,,0.25,0.86,1,0.72
4,725,2,NTE,Late-Tested,0.4,0,,,,,,,,,-0.67,0.74,0.32,1
4,726,3,NTE,Late-Tested,0.73,1,,,,,,,,,-0.04,0.25,-0.33,0.61
4,727,4,NTE,Late-Tested,0.73,3,,,,,,,,,-0.08,0.5,0.54,0.56
4,728,5,NTE,Late-Tested,0.73,1,,,,,,,,,0,0.68,0.44,-0.1
4,729,6,NTE,Late-Tested,0.67,1,,,,,,,,,-0.25,1,0.06,-0.05
4,730,1,NTE,Late-Tested,0.67,1,,,,,,,,,0,0,0.53,-0.05
4,731,2,NTE,Late-Tested,0.87,1,,,,,,,,,0.25,0.3,0.63,0.68
4,732,3,NTE,Late-Tested,0.47,1,,,,,,,,,-0.2,-0.5,0,0.07
4,733,4,NTE,Late-Tested,0.8,0,,,,,,,,,1,0,0.78,0.64
4,734,5,NTE,Late-Tested,0.87,0,,,,,,,,,0.52,0.25,0.37,0.84
4,735,6,NTE,Late-Tested,0.47,1,,,,,,,,,1,0,-0.5,0.53
4,736,1,NTE,Late-Tested,0.4,0,,,,,,,,,1,-0.05,0.17,-0.2
4,737,2,NTE,Late-Tested,0.33,0,,,,,,,,,1,0.07,0,0.17
4,738,3,NTE,Late-Tested,0.27,1,,,,,,,,,1,-0.5,-0.5,1
4,739,4,NTE,Late-Tested,0.6,0,,,,,,,,,-2,0.4,0.06,0.42
4,740,5,NTE,Late-Tested,0.47,0,,,,,,,,,1,0,0.5,1
4,741,6,NTE,Late-Tested,0.47,1,,,,,,,,,0.37,0.17,0.58,0.22
4,742,1,NTE,Late-Tested,0.4,0,,,,,,,,,-0.5,0,1,-0.5
4,743,2,NTE,Late-Tested,0.67,0,,,,,,,,,0.07,0.82,0.55,0.47
4,744,3,NTE,Late-Tested,0.33,3,,,,,,,,,0,1,0.56,1
4,745,4,NTE,Late-Tested,0.87,0,,,,,,,,,0,1,0.86,0.52
4,746,5,NTE,Late-Tested,0.2,0,,,,,,,,,0,-0.8,0,-2
4,747,6,NTE,Late-Tested,0.6,0,,,,,,,,,1,0.4,0,0.04
4,748,1,NTE,Late-Tested,0.47,0,,,,,,,,,0.12,0.13,0.16,0.07
4,749,2,NTE,Late-Tested,0.6,0,,,,,,,,,-0.75,0.74,0.31,1
4,750,3,NTE,Late-Tested,0.6,2,,,,,,,,,1,0.64,0.31,0.13
4,751,4,NTE,Late-Tested,0.53,3,,,,,,,,,-1,0,1,0.11
4,752,5,NTE,Late-Tested,0.4,0,,,,,,,,,0.56,0.78,1,0.25
4,753,6,NTE,Late-Tested,0.47,1,,,,,,,,,0,-2,0.2,-0.08
4,754,1,NTE,Late-Tested,0.47,0,,,,,,,,,0,0,1,0.07
4,755,2,NTE,Late-Tested,0.8,0,,,,,,,,,-0.5,0.3,1,0.81
4,757,4,NTE,Late-Tested,0.53,0,,,,,,,,,0.13,1,1,0.27
4,758,5,NTE,Late-Tested,0.47,0,,,,,,,,,1,0.17,1,-0.75
4,759,6,NTE,Late-Tested,0.67,0,,,,,,,,,0,0.64,0.11,1
4,760,1,NTE,Late-Tested,0.87,1,,,,,,,,,0.32,0.25,0.84,0.68
4,761,2,NTE,Late-Tested,0.4,0,,,,,,,,,0,0.5,-1,0
4,762,3,NTE,Late-Tested,0.8,1,,,,,,,,,0.37,0.13,0.3,-0.09
4,763,4,NTE,Late-Tested,0.73,0,,,,,,,,,0.3,0.13,0.45,0.61
4,764,5,NTE,Late-Tested,0.2,0,,,,,,,,,-1,-0.67,-0.67,-2
4,766,1,NTE,Late-Tested,0.4,0,,,,,,,,,0.45,0.04,0.5,1
4,767,2,NTE,Late-Tested,0.87,0,,,,,,,,,0.63,0.11,-0.37,0.21
4,768,3,NTE,Late-Tested,1,1,,,,,,,,,0.72,0.58,0.38,0
4,501,1,NTE,Not-Tested,0.13,2,,,,,,,,,,,,0
4,502,2,NTE,Not-Tested,0.27,0,,,,,,,,,,,,0
4,503,3,NTE,Not-Tested,0.07,3,,,,,,,,,,,,0
4,504,4,NTE,Not-Tested,0.33,3,,,,,,,,,,,,-0.25
4,505,5,NTE,Not-Tested,0.07,0,,,,,,,,,,,,0
4,506,6,NTE,Not-Tested,0.27,0,,,,,,,,,,,,0
4,508,2,NTE,Not-Tested,0.6,1,,,,,,,,,,,,-0.04
4,509,3,NTE,Not-Tested,0,5,,,,,,,,,,,,0
4,510,4,NTE,Not-Tested,0.87,0,,,,,,,,,,,,0.25
4,511,5,NTE,Not-Tested,0,5,,,,,,,,,,,,0
4,512,6,NTE,Not-Tested,0.13,2,,,,,,,,,,,,0
4,513,1,NTE,Not-Tested,0.13,1,,,,,,,,,,,,0
4,515,3,NTE,Not-Tested,0.27,2,,,,,,,,,,,,0
4,516,4,NTE,Not-Tested,0.2,2,,,,,,,,,,,,0
4,517,5,NTE,Not-Tested,0.07,5,,,,,,,,,,,,0
4,518,6,NTE,Not-Tested,0.33,0,,,,,,,,,,,,-0.67
4,521,3,NTE,Not-Tested,0.2,2,,,,,,,,,,,,0
4,522,4,NTE,Not-Tested,0.27,0,,,,,,,,,,,,0
4,523,5,NTE,Not-Tested,0.33,0,,,,,,,,,,,,-0.67
4,524,6,NTE,Not-Tested,0.07,1,,,,,,,,,,,,0
4,525,1,NTE,Not-Tested,0.2,0,,,,,,,,,,,,0
4,526,2,NTE,Not-Tested,0.6,1,,,,,,,,,,,,0.18
4,528,4,NTE,Not-Tested,0,5,,,,,,,,,,,,0
4,529,5,NTE,Not-Tested,0.2,2,,,,,,,,,,,,0
4,530,6,NTE,Not-Tested,0,3,,,,,,,,,,,,0
4,531,1,NTE,Not-Tested,0.07,3,,,,,,,,,,,,0
4,532,2,NTE,Not-Tested,0.4,4,,,,,,,,,,,,1
4,533,3,NTE,Not-Tested,0.33,0,,,,,,,,,,,,0.17
4,534,4,NTE,Not-Tested,0.13,0,,,,,,,,,,,,0
4,535,5,NTE,Not-Tested,0.27,4,,,,,,,,,,,,1
4,536,6,NTE,Not-Tested,0.27,0,,,,,,,,,,,,1
4,537,1,NTE,Not-Tested,0.6,0,,,,,,,,,,,,0.13
4,538,1,NTE,Not-Tested,0.13,1,,,,,,,,,,,,0
4,539,2,NTE,Not-Tested,0.27,0,,,,,,,,,,,,0
4,541,4,NTE,Not-Tested,0,3,,,,,,,,,,,,0
4,543,6,NTE,Not-Tested,0.2,3,,,,,,,,,,,,1
4,544,1,NTE,Not-Tested,0.13,6,,,,,,,,,,,,0
4,545,2,NTE,Not-Tested,0.27,1,,,,,,,,,,,,-1
4,546,3,NTE,Not-Tested,0.87,1,,,,,,,,,,,,-0.27
4,547,4,NTE,Not-Tested,0.27,1,,,,,,,,,,,,0
4,548,5,NTE,Not-Tested,0.07,2,,,,,,,,,,,,0
4,549,6,NTE,Not-Tested,0.53,0,,,,,,,,,,,,0.5
4,550,1,NTE,Not-Tested,0.87,1,,,,,,,,,,,,0.84
4,551,2,NTE,Not-Tested,0,3,,,,,,,,,,,,0
4,552,3,NTE,Not-Tested,0.27,3,,,,,,,,,,,,0
4,554,5,NTE,Not-Tested,0.33,1,,,,,,,,,,,,0
4,555,6,NTE,Not-Tested,0.07,6,,,,,,,,,,,,0
4,556,1,NTE,Not-Tested,0.13,2,,,,,,,,,,,,0
4,557,2,NTE,Not-Tested,0.4,0,,,,,,,,,,,,0
4,561,6,NTE,Not-Tested,0.07,3,,,,,,,,,,,,0
4,562,1,NTE,Not-Tested,0.6,1,,,,,,,,,,,,0.04
4,564,3,NTE,Not-Tested,0,4,,,,,,,,,,,,0
4,565,4,NTE,Not-Tested,0.6,0,,,,,,,,,,,,0.65
4,566,5,NTE,Not-Tested,0.33,0,,,,,,,,,,,,0.17
4,567,6,NTE,Not-Tested,0.27,0,,,,,,,,,,,,-1
4,568,1,NTE,Not-Tested,0.07,2,,,,,,,,,,,,0
4,571,4,NTE,Not-Tested,0.87,1,,,,,,,,,,,,0.35
4,572,5,NTE,Not-Tested,0.67,0,,,,,,,,,,,,0.44
4,573,6,NTE,Not-Tested,0.47,1,,,,,,,,,,,,0.07
4,574,1,NTE,Not-Tested,0.4,4,,,,,,,,,,,,0.25
4,575,2,NTE,Not-Tested,0.53,0,,,,,,,,,,,,0.64
4,576,3,NTE,Not-Tested,0.33,1,,,,,,,,,,,,1
4,577,4,NTE,Not-Tested,0.27,1,,,,,,,,,,,,1
4,578,5,NTE,Not-Tested,0.33,0,,,,,,,,,,,,-0.67
4,579,6,NTE,Not-Tested,0.33,1,,,,,,,,,,,,-0.67
4,580,1,NTE,Not-Tested,1,0,,,,,,,,,,,,1